"ticker","date","amount"
"BCE.TO","1996-06-12",0.3400
"BCE.TO","1996-09-11",0.3400
"BCE.TO","1996-12-11",0.3400
"BCE.TO","1997-03-12",0.3400
"BCE.TO","1997-06-11",0.3400
"BCE.TO","1997-09-11",0.3400
"BCE.TO","1997-09-29",0.3300
"BCE.TO","1997-12-11",0.3400
"BCE.TO","1998-03-11",0.3400
"BCE.TO","1998-06-11",0.3400
"BCE.TO","1998-09-11",0.3400
"BCE.TO","1998-12-11",0.3400
"BCE.TO","1999-03-11",0.3400
"BCE.TO","1999-06-11",0.3400
"BCE.TO","1999-09-13",0.3400
"BCE.TO","1999-12-13",0.3400
"BCE.TO","2000-03-13",0.3400
"BCE.TO","2000-05-03",133.5220
"BCE.TO","2000-06-13",0.3000
"BCE.TO","2000-09-13",0.3000
"BCE.TO","2000-12-13",0.3000
"BCE.TO","2001-03-13",0.3000
"BCE.TO","2001-06-13",0.3000
"BCE.TO","2001-09-13",0.3000
"BCE.TO","2001-12-12",0.3000
"BCE.TO","2002-03-13",0.3000
"BCE.TO","2002-06-12",0.3000
"BCE.TO","2002-09-11",0.3000
"BCE.TO","2002-12-11",0.3000
"BCE.TO","2003-03-13",0.3000
"BCE.TO","2003-06-12",0.3000
"BCE.TO","2003-09-11",0.3000
"BCE.TO","2003-12-11",0.3000
"BCE.TO","2004-03-11",0.3000
"BCE.TO","2004-06-11",0.3000
"BCE.TO","2004-09-13",0.3000
"BCE.TO","2004-12-13",0.3000
"BCE.TO","2005-03-11",0.3300
"BCE.TO","2005-06-13",0.3300
"BCE.TO","2005-09-13",0.3300
"BCE.TO","2005-12-13",0.3300
"BCE.TO","2006-03-13",0.3300
"BCE.TO","2006-06-13",0.3300
"BCE.TO","2006-09-13",0.3300
"BCE.TO","2006-12-13",0.3300
"BCE.TO","2007-03-13",0.3650
"BCE.TO","2007-06-13",0.3650
"BCE.TO","2007-09-12",0.3650
"BCE.TO","2007-12-12",0.3650
"BCE.TO","2008-03-12",0.3650
"BCE.TO","2008-12-19",0.3650
"BCE.TO","2009-03-12",0.3850
"BCE.TO","2009-06-11",0.3850
"BCE.TO","2009-09-11",0.4050
"BCE.TO","2009-12-11",0.4050
"BCE.TO","2010-03-11",0.4350
"BCE.TO","2010-06-11",0.4350
"BCE.TO","2010-09-13",0.4580
"BCE.TO","2010-12-13",0.4580
"BCE.TO","2011-03-11",0.4930
"BCE.TO","2011-06-13",0.5180
"BCE.TO","2011-09-13",0.5180
"BCE.TO","2011-12-13",0.5180
"BCE.TO","2012-03-13",0.5430
"BCE.TO","2012-06-13",0.5430
"BCE.TO","2012-09-12",0.5680
"BCE.TO","2012-12-12",0.5680
"BCE.TO","2013-03-13",0.5830
"BCE.TO","2013-06-12",0.5830
"BCE.TO","2013-09-12",0.5830
"BCE.TO","2013-12-12",0.5830
"BCE.TO","2014-03-12",0.6180
"BCE.TO","2014-06-12",0.6180
"BCE.TO","2014-09-11",0.6180
"BCE.TO","2014-12-11",0.6180
"BCE.TO","2015-03-12",0.6500
"BCE.TO","2015-06-11",0.6500
"BCE.TO","2015-09-11",0.6500
"BCE.TO","2015-12-11",0.6500
"BCE.TO","2016-03-11",0.6830
"BCE.TO","2016-06-13",0.6830
"BCE.TO","2016-09-13",0.6830
"BCE.TO","2016-12-13",0.6830
"BCE.TO","2017-03-13",0.7180
"BCE.TO","2017-06-13",0.7180
"BCE.TO","2017-09-14",0.7180
"BCE.TO","2017-12-14",0.7180
"BCE.TO","2018-03-14",0.7550
"BCE.TO","2018-06-14",0.7550
"BCE.TO","2018-09-13",0.7550
"BCE.TO","2018-12-13",0.7550
"BCE.TO","2019-03-14",0.7930
"BCE.TO","2019-06-13",0.7930
"BCE.TO","2019-09-13",0.7930
"BCE.TO","2019-12-13",0.7930
"BCE.TO","2020-03-13",0.8330
"BCE.TO","2020-06-12",0.8330
"BCE.TO","2020-09-14",0.8330
"BCE.TO","2020-12-14",0.8330
"BCE.TO","2021-03-12",0.8750
"BCE.TO","2021-06-14",0.8750
"BCE.TO","2021-09-14",0.8750
"BCE.TO","2021-12-14",0.8750
"BCE.TO","2022-03-14",0.9200
"BCE.TO","2022-06-14",0.9200
"BCE.TO","2022-09-14",0.9200
"BCE.TO","2022-12-14",0.9200
"BCE.TO","2023-03-14",0.9680
"BCE.TO","2023-06-14",0.9680
"BCE.TO","2023-09-14",0.9680
"BCE.TO","2023-12-14",0.9680
"BCE.TO","2024-03-14",0.9980
"BCE.TO","2024-06-14",0.9980
"BCE.TO","2024-09-16",0.9980
"BCE.TO","2024-12-16",0.9980
"BCE.TO","2025-03-14",0.9980
"BCE.TO","2025-06-16",0.4380
"BCE.TO","2025-09-15",0.4380
"BCE.TO","2025-12-15",0.4380
"BCE.TO","2026-03-16",0.4380
"BNS.TO","1995-03-29",0.0775
"BNS.TO","1995-06-29",0.0775
"BNS.TO","1995-09-29",0.0775
"BNS.TO","1995-12-28",0.0775
"BNS.TO","1996-03-29",0.0775
"BNS.TO","1996-06-27",0.0850
"BNS.TO","1996-09-27",0.0850
"BNS.TO","1997-01-03",0.0925
"BNS.TO","1997-03-27",0.0925
"BNS.TO","1997-06-27",0.0925
"BNS.TO","1997-10-03",0.0925
"BNS.TO","1998-01-02",0.1000
"BNS.TO","1998-04-03",0.1000
"BNS.TO","1998-07-03",0.1000
"BNS.TO","1998-10-02",0.1000
"BNS.TO","1998-12-31",0.1050
"BNS.TO","1999-04-01",0.1050
"BNS.TO","1999-07-02",0.1050
"BNS.TO","1999-10-01",0.1200
"BNS.TO","1999-12-30",0.1200
"BNS.TO","2000-03-31",0.1200
"BNS.TO","2000-06-29",0.1200
"BNS.TO","2000-09-29",0.1400
"BNS.TO","2000-12-28",0.1400
"BNS.TO","2001-03-30",0.1550
"BNS.TO","2001-06-28",0.1550
"BNS.TO","2001-10-05",0.1700
"BNS.TO","2001-12-28",0.1700
"BNS.TO","2002-03-28",0.1850
"BNS.TO","2002-06-27",0.1850
"BNS.TO","2002-09-27",0.1850
"BNS.TO","2003-01-03",0.2000
"BNS.TO","2003-03-28",0.2000
"BNS.TO","2003-06-27",0.2200
"BNS.TO","2003-10-03",0.2200
"BNS.TO","2004-01-02",0.2500
"BNS.TO","2004-04-02",0.2500
"BNS.TO","2004-07-02",0.3000
"BNS.TO","2004-10-01",0.3000
"BNS.TO","2004-12-30",0.3200
"BNS.TO","2005-04-01",0.3200
"BNS.TO","2005-06-30",0.3400
"BNS.TO","2005-09-30",0.3400
"BNS.TO","2005-12-29",0.3600
"BNS.TO","2006-03-31",0.3600
"BNS.TO","2006-06-29",0.3900
"BNS.TO","2006-09-29",0.3900
"BNS.TO","2006-12-28",0.4200
"BNS.TO","2007-03-30",0.4200
"BNS.TO","2007-06-28",0.4500
"BNS.TO","2007-09-28",0.4500
"BNS.TO","2007-12-28",0.4700
"BNS.TO","2008-03-28",0.4700
"BNS.TO","2008-06-27",0.4900
"BNS.TO","2008-10-03",0.4900
"BNS.TO","2009-01-02",0.4900
"BNS.TO","2009-04-03",0.4900
"BNS.TO","2009-07-03",0.4900
"BNS.TO","2009-10-02",0.4900
"BNS.TO","2009-12-31",0.4900
"BNS.TO","2010-04-01",0.4900
"BNS.TO","2010-07-02",0.4900
"BNS.TO","2010-10-01",0.4900
"BNS.TO","2010-12-30",0.4900
"BNS.TO","2011-04-01",0.5200
"BNS.TO","2011-06-30",0.5200
"BNS.TO","2011-09-30",0.5200
"BNS.TO","2011-12-29",0.5200
"BNS.TO","2012-03-30",0.5500
"BNS.TO","2012-06-28",0.5500
"BNS.TO","2012-09-28",0.5700
"BNS.TO","2012-12-28",0.5700
"BNS.TO","2013-03-28",0.6000
"BNS.TO","2013-06-27",0.6000
"BNS.TO","2013-09-27",0.6200
"BNS.TO","2014-01-03",0.6200
"BNS.TO","2014-03-28",0.6400
"BNS.TO","2014-06-27",0.6400
"BNS.TO","2014-10-03",0.6600
"BNS.TO","2015-01-02",0.6600
"BNS.TO","2015-04-02",0.6800
"BNS.TO","2015-07-03",0.6800
"BNS.TO","2015-10-02",0.7000
"BNS.TO","2015-12-31",0.7000
"BNS.TO","2016-04-01",0.7200
"BNS.TO","2016-06-30",0.7200
"BNS.TO","2016-09-30",0.7400
"BNS.TO","2016-12-29",0.7400
"BNS.TO","2017-03-31",0.7600
"BNS.TO","2017-06-29",0.7600
"BNS.TO","2017-10-02",0.7900
"BNS.TO","2017-12-29",0.7900
"BNS.TO","2018-04-02",0.8200
"BNS.TO","2018-06-29",0.8200
"BNS.TO","2018-10-01",0.8500
"BNS.TO","2018-12-31",0.8500
"BNS.TO","2019-04-01",0.8700
"BNS.TO","2019-06-28",0.8700
"BNS.TO","2019-09-30",0.9000
"BNS.TO","2020-01-06",0.9000
"BNS.TO","2020-04-06",0.9000
"BNS.TO","2020-07-06",0.9000
"BNS.TO","2020-10-05",0.9000
"BNS.TO","2021-01-04",0.9000
"BNS.TO","2021-04-05",0.9000
"BNS.TO","2021-07-05",0.9000
"BNS.TO","2021-10-04",0.9000
"BNS.TO","2021-12-31",1.0000
"BNS.TO","2022-04-04",1.0000
"BNS.TO","2022-07-04",1.0300
"BNS.TO","2022-10-03",1.0300
"BNS.TO","2023-01-03",1.0300
"BNS.TO","2023-04-03",1.0300
"BNS.TO","2023-07-04",1.0600
"BNS.TO","2023-09-29",1.0600
"BNS.TO","2024-01-02",1.0600
"BNS.TO","2024-04-01",1.0600
"BNS.TO","2024-07-03",1.0600
"BNS.TO","2024-10-02",1.0600
"BNS.TO","2025-01-07",1.0600
"BNS.TO","2025-04-01",1.0600
"BNS.TO","2025-07-02",1.1000
"BNS.TO","2025-10-07",1.1000
"BNS.TO","2026-01-06",1.1000
"BNS.TO","2026-04-07",1.1000
"CAS.TO","1996-05-13",0.0120
"CAS.TO","1997-05-26",0.0250
"CAS.TO","1998-06-04",0.0250
"CAS.TO","1999-06-11",0.0250
"CAS.TO","2001-06-13",0.1200
"CAS.TO","2002-05-28",0.0400
"CAS.TO","2002-08-29",0.0400
"CAS.TO","2002-11-29",0.0400
"CAS.TO","2003-02-27",0.0400
"CAS.TO","2003-05-28",0.0400
"CAS.TO","2003-08-29",0.0400
"CAS.TO","2003-12-01",0.0400
"CAS.TO","2004-03-01",0.0400
"CAS.TO","2004-05-27",0.0400
"CAS.TO","2004-09-01",0.0400
"CAS.TO","2004-12-01",0.0400
"CAS.TO","2005-03-01",0.0400
"CAS.TO","2005-05-27",0.0400
"CAS.TO","2005-09-02",0.0400
"CAS.TO","2005-11-30",0.0400
"CAS.TO","2006-03-01",0.0400
"CAS.TO","2006-05-29",0.0400
"CAS.TO","2006-09-01",0.0400
"CAS.TO","2006-11-29",0.0400
"CAS.TO","2007-03-01",0.0400
"CAS.TO","2007-05-29",0.0400
"CAS.TO","2007-09-04",0.0400
"CAS.TO","2007-11-29",0.0400
"CAS.TO","2008-03-05",0.0400
"CAS.TO","2008-05-28",0.0400
"CAS.TO","2008-09-03",0.0400
"CAS.TO","2008-12-01",0.0400
"CAS.TO","2009-03-06",0.0400
"CAS.TO","2009-05-27",0.0400
"CAS.TO","2009-09-02",0.0400
"CAS.TO","2009-12-02",0.0400
"CAS.TO","2010-03-08",0.0400
"CAS.TO","2010-05-26",0.0400
"CAS.TO","2010-09-01",0.0400
"CAS.TO","2010-12-01",0.0400
"CAS.TO","2011-03-09",0.0400
"CAS.TO","2011-05-24",0.0400
"CAS.TO","2011-08-31",0.0400
"CAS.TO","2011-11-30",0.0400
"CAS.TO","2012-03-07",0.0400
"CAS.TO","2012-05-23",0.0400
"CAS.TO","2012-08-29",0.0400
"CAS.TO","2012-11-28",0.0400
"CAS.TO","2013-02-28",0.0400
"CAS.TO","2013-05-22",0.0400
"CAS.TO","2013-08-28",0.0400
"CAS.TO","2013-11-18",0.0400
"CAS.TO","2014-03-20",0.0400
"CAS.TO","2014-05-22",0.0400
"CAS.TO","2014-08-27",0.0400
"CAS.TO","2014-11-18",0.0400
"CAS.TO","2015-03-20",0.0400
"CAS.TO","2015-05-22",0.0400
"CAS.TO","2015-08-26",0.0400
"CAS.TO","2015-11-25",0.0400
"CAS.TO","2016-03-22",0.0400
"CAS.TO","2016-05-25",0.0400
"CAS.TO","2016-08-24",0.0400
"CAS.TO","2016-11-23",0.0400
"CAS.TO","2017-03-22",0.0400
"CAS.TO","2017-05-18",0.0400
"CAS.TO","2017-08-21",0.0400
"CAS.TO","2017-11-21",0.0400
"CAS.TO","2018-03-13",0.0400
"CAS.TO","2018-05-22",0.0400
"CAS.TO","2018-08-21",0.0400
"CAS.TO","2018-11-20",0.0400
"CAS.TO","2019-03-12",0.0400
"CAS.TO","2019-05-21",0.0400
"CAS.TO","2019-08-20",0.0800
"CAS.TO","2019-11-20",0.0800
"CAS.TO","2020-03-11",0.0800
"CAS.TO","2020-05-20",0.0800
"CAS.TO","2020-08-19",0.0800
"CAS.TO","2020-11-19",0.0800
"CAS.TO","2021-03-09",0.0800
"CAS.TO","2021-05-18",0.0800
"CAS.TO","2021-08-17",0.1200
"CAS.TO","2021-11-23",0.1200
"CAS.TO","2022-03-09",0.1200
"CAS.TO","2022-05-25",0.1200
"CAS.TO","2022-08-16",0.1200
"CAS.TO","2022-11-22",0.1200
"CAS.TO","2023-03-08",0.1200
"CAS.TO","2023-05-25",0.1200
"CAS.TO","2023-08-17",0.1200
"CAS.TO","2023-11-23",0.1200
"CAS.TO","2024-03-06",0.1200
"CAS.TO","2024-05-22",0.1200
"CAS.TO","2024-08-22",0.1200
"CAS.TO","2024-11-21",0.1200
"CAS.TO","2025-03-06",0.1200
"CAS.TO","2025-05-22",0.1200
"CAS.TO","2025-08-21",0.1200
"CAS.TO","2025-11-20",0.1200
"CAS.TO","2026-03-12",0.1200
"CGO.TO","1995-01-23",0.0300
"CGO.TO","1995-04-24",0.0300
"CGO.TO","1995-07-26",0.0300
"CGO.TO","1995-11-06",0.0300
"CGO.TO","1996-01-31",0.0300
"CGO.TO","1996-05-03",0.0300
"CGO.TO","1996-07-31",0.0300
"CGO.TO","1996-11-06",0.0400
"CGO.TO","1997-01-29",0.0400
"CGO.TO","1997-04-23",0.0400
"CGO.TO","1997-07-30",0.0400
"CGO.TO","1997-11-05",0.0500
"CGO.TO","1998-02-04",0.0500
"CGO.TO","1998-04-29",0.0500
"CGO.TO","1998-07-29",0.0500
"CGO.TO","1998-11-04",0.0520
"CGO.TO","1999-01-27",0.0520
"CGO.TO","1999-04-28",0.0520
"CGO.TO","1999-07-28",0.0530
"CGO.TO","1999-11-03",0.0530
"CGO.TO","2000-01-26",0.0530
"CGO.TO","2000-04-26",0.0530
"CGO.TO","2000-07-26",0.0530
"CGO.TO","2000-11-01",0.0530
"CGO.TO","2001-01-24",0.0530
"CGO.TO","2001-04-04",0.0530
"CGO.TO","2001-07-11",0.0530
"CGO.TO","2001-10-31",0.0530
"CGO.TO","2002-01-23",0.0530
"CGO.TO","2002-04-17",0.0530
"CGO.TO","2002-07-10",0.0530
"CGO.TO","2002-10-30",0.0530
"CGO.TO","2003-01-22",0.0530
"CGO.TO","2003-04-15",0.0530
"CGO.TO","2003-07-09",0.0530
"CGO.TO","2003-10-29",0.0530
"CGO.TO","2004-01-21",0.0530
"CGO.TO","2004-04-14",0.0530
"CGO.TO","2004-07-14",0.0530
"CGO.TO","2004-10-27",0.0530
"CGO.TO","2005-01-26",0.0530
"CGO.TO","2005-04-20",0.0530
"CGO.TO","2005-07-20",0.0630
"CGO.TO","2005-11-02",0.0630
"CGO.TO","2006-01-23",0.0630
"CGO.TO","2006-04-19",0.0630
"CGO.TO","2006-07-19",0.0630
"CGO.TO","2006-10-25",0.0630
"CGO.TO","2007-01-22",0.0700
"CGO.TO","2007-04-23",0.0700
"CGO.TO","2007-07-18",0.0700
"CGO.TO","2008-01-21",0.0700
"CGO.TO","2008-04-22",0.0700
"CGO.TO","2008-07-21",0.0700
"CGO.TO","2008-11-07",0.0800
"CGO.TO","2008-12-29",0.1560
"CGO.TO","2009-01-23",0.0800
"CGO.TO","2009-04-20",0.0800
"CGO.TO","2009-07-21",0.0800
"CGO.TO","2009-11-09",0.1000
"CGO.TO","2010-01-22",0.1000
"CGO.TO","2010-04-19",0.1000
"CGO.TO","2010-07-19",0.1000
"CGO.TO","2010-11-08",0.1200
"CGO.TO","2011-01-24",0.1200
"CGO.TO","2011-04-19",0.1200
"CGO.TO","2011-07-18",0.1400
"CGO.TO","2011-11-07",0.1800
"CGO.TO","2012-02-06",0.1800
"CGO.TO","2012-04-23",0.1800
"CGO.TO","2012-07-23",0.1800
"CGO.TO","2012-11-14",0.1900
"CGO.TO","2013-01-24",0.1900
"CGO.TO","2013-04-22",0.1900
"CGO.TO","2013-07-22",0.1900
"CGO.TO","2013-11-08",0.2200
"CGO.TO","2014-01-23",0.2200
"CGO.TO","2014-04-21",0.2200
"CGO.TO","2014-07-21",0.2200
"CGO.TO","2014-11-12",0.2550
"CGO.TO","2015-01-23",0.2550
"CGO.TO","2015-04-20",0.2550
"CGO.TO","2015-07-24",0.2550
"CGO.TO","2015-11-06",0.2950
"CGO.TO","2016-01-22",0.2950
"CGO.TO","2016-04-25",0.2950
"CGO.TO","2016-07-18",0.2950
"CGO.TO","2016-11-14",0.3400
"CGO.TO","2017-01-23",0.3400
"CGO.TO","2017-04-18",0.3400
"CGO.TO","2017-07-25",0.3400
"CGO.TO","2017-11-15",0.3900
"CGO.TO","2018-01-23",0.3900
"CGO.TO","2018-04-25",0.3900
"CGO.TO","2018-07-24",0.3900
"CGO.TO","2018-11-13",0.4300
"CGO.TO","2019-01-23",0.4300
"CGO.TO","2019-04-22",0.4300
"CGO.TO","2019-07-23",0.4300
"CGO.TO","2019-11-12",0.4750
"CGO.TO","2020-01-27",0.4750
"CGO.TO","2020-04-20",0.4750
"CGO.TO","2020-07-27",0.4750
"CGO.TO","2020-11-09",0.5450
"CGO.TO","2021-01-27",0.5450
"CGO.TO","2021-04-26",0.5450
"CGO.TO","2021-07-27",0.5450
"CGO.TO","2021-11-24",0.6250
"CGO.TO","2022-01-26",0.6250
"CGO.TO","2022-04-26",0.6250
"CGO.TO","2022-07-26",0.6250
"CGO.TO","2022-11-09",0.7310
"CGO.TO","2023-01-25",0.7310
"CGO.TO","2023-04-26",0.7310
"CGO.TO","2023-07-26",0.7310
"CGO.TO","2023-11-14",0.8540
"CGO.TO","2024-01-23",0.8540
"CGO.TO","2024-04-24",0.8540
"CGO.TO","2024-07-25",0.8540
"CGO.TO","2024-11-14",0.9220
"CGO.TO","2025-01-27",0.9220
"CGO.TO","2025-04-23",0.9220
"CGO.TO","2025-07-29",0.9220
"CGO.TO","2025-11-12",0.9870
"CGO.TO","2026-01-28",0.9870
"CGO.TO","2026-04-23",0.9870
"CM.TO","1995-03-22",0.0925
"CM.TO","1995-06-26",0.0925
"CM.TO","1995-09-26",0.0925
"CM.TO","1995-12-22",0.1000
"CM.TO","1996-03-26",0.1000
"CM.TO","1996-06-26",0.1125
"CM.TO","1996-09-25",0.1125
"CM.TO","1996-12-23",0.1250
"CM.TO","1997-03-25",0.1250
"CM.TO","1997-06-25",0.1250
"CM.TO","1997-09-25",0.1500
"CM.TO","1997-12-23",0.1500
"CM.TO","1998-03-25",0.1500
"CM.TO","1998-06-25",0.1500
"CM.TO","1998-09-24",0.1500
"CM.TO","1998-12-23",0.1500
"CM.TO","1999-03-25",0.1500
"CM.TO","1999-06-24",0.1500
"CM.TO","1999-09-24",0.1500
"CM.TO","1999-12-23",0.1500
"CM.TO","2000-03-24",0.1650
"CM.TO","2000-06-26",0.1650
"CM.TO","2000-09-26",0.1650
"CM.TO","2000-12-22",0.1650
"CM.TO","2001-03-26",0.1850
"CM.TO","2001-06-26",0.1850
"CM.TO","2001-09-26",0.1850
"CM.TO","2001-12-26",0.1850
"CM.TO","2002-03-26",0.2050
"CM.TO","2002-06-26",0.2050
"CM.TO","2002-09-25",0.2050
"CM.TO","2002-12-23",0.2050
"CM.TO","2003-03-26",0.2050
"CM.TO","2003-06-25",0.2050
"CM.TO","2003-09-25",0.2050
"CM.TO","2003-12-23",0.2500
"CM.TO","2004-03-25",0.2500
"CM.TO","2004-06-24",0.3000
"CM.TO","2004-09-24",0.3000
"CM.TO","2004-12-23",0.3250
"CM.TO","2005-03-23",0.3250
"CM.TO","2005-06-24",0.3400
"CM.TO","2005-09-26",0.3400
"CM.TO","2005-12-22",0.3400
"CM.TO","2006-03-24",0.3400
"CM.TO","2006-06-26",0.3500
"CM.TO","2006-09-26",0.3500
"CM.TO","2006-12-22",0.3500
"CM.TO","2007-03-26",0.3850
"CM.TO","2007-06-26",0.3850
"CM.TO","2007-09-26",0.4350
"CM.TO","2007-12-24",0.4350
"CM.TO","2008-03-26",0.4350
"CM.TO","2008-06-25",0.4350
"CM.TO","2008-09-25",0.4350
"CM.TO","2008-12-23",0.4350
"CM.TO","2009-03-25",0.4350
"CM.TO","2009-06-25",0.4350
"CM.TO","2009-09-24",0.4350
"CM.TO","2009-12-23",0.4350
"CM.TO","2010-03-25",0.4350
"CM.TO","2010-06-24",0.4350
"CM.TO","2010-09-24",0.4350
"CM.TO","2010-12-23",0.4350
"CM.TO","2011-03-24",0.4350
"CM.TO","2011-06-24",0.4350
"CM.TO","2011-09-26",0.4500
"CM.TO","2011-12-22",0.4500
"CM.TO","2012-03-26",0.4500
"CM.TO","2012-06-26",0.4500
"CM.TO","2012-09-26",0.4700
"CM.TO","2012-12-24",0.4700
"CM.TO","2013-03-26",0.4700
"CM.TO","2013-06-26",0.4800
"CM.TO","2013-09-25",0.4800
"CM.TO","2013-12-23",0.4800
"CM.TO","2014-03-26",0.4900
"CM.TO","2014-06-25",0.5000
"CM.TO","2014-09-25",0.5000
"CM.TO","2014-12-23",0.5150
"CM.TO","2015-03-25",0.5300
"CM.TO","2015-06-25",0.5450
"CM.TO","2015-09-24",0.5600
"CM.TO","2015-12-23",0.5750
"CM.TO","2016-03-23",0.5900
"CM.TO","2016-06-24",0.6050
"CM.TO","2016-09-26",0.6050
"CM.TO","2016-12-22",0.6200
"CM.TO","2017-03-24",0.6350
"CM.TO","2017-06-26",0.6350
"CM.TO","2017-09-27",0.6500
"CM.TO","2017-12-27",0.6500
"CM.TO","2018-03-27",0.6650
"CM.TO","2018-06-27",0.6650
"CM.TO","2018-09-27",0.6800
"CM.TO","2018-12-27",0.6800
"CM.TO","2019-03-27",0.7000
"CM.TO","2019-06-27",0.7000
"CM.TO","2019-09-26",0.7200
"CM.TO","2019-12-24",0.7200
"CM.TO","2020-03-26",0.7300
"CM.TO","2020-06-26",0.7300
"CM.TO","2020-09-25",0.7300
"CM.TO","2020-12-24",0.7300
"CM.TO","2021-03-26",0.7300
"CM.TO","2021-06-25",0.7300
"CM.TO","2021-09-27",0.7300
"CM.TO","2021-12-24",0.8050
"CM.TO","2022-03-25",0.8050
"CM.TO","2022-06-27",0.8300
"CM.TO","2022-09-27",0.8300
"CM.TO","2022-12-23",0.8500
"CM.TO","2023-03-27",0.8500
"CM.TO","2023-06-27",0.8700
"CM.TO","2023-09-27",0.8700
"CM.TO","2023-12-27",0.9000
"CM.TO","2024-03-27",0.9000
"CM.TO","2024-06-28",0.9000
"CM.TO","2024-09-27",0.9000
"CM.TO","2024-12-27",0.9700
"CM.TO","2025-03-28",0.9700
"CM.TO","2025-06-27",0.9700
"CM.TO","2025-09-29",0.9700
"CM.TO","2025-12-29",1.0700
"CM.TO","2026-03-27",1.0700
"CNQ.TO","2001-03-15",0.0061
"CNQ.TO","2001-06-13",0.0061
"CNQ.TO","2001-09-13",0.0061
"CNQ.TO","2001-12-12",0.0061
"CNQ.TO","2002-03-13",0.0077
"CNQ.TO","2002-06-12",0.0077
"CNQ.TO","2002-09-11",0.0077
"CNQ.TO","2002-12-11",0.0077
"CNQ.TO","2003-03-12",0.0092
"CNQ.TO","2003-06-11",0.0092
"CNQ.TO","2003-09-10",0.0092
"CNQ.TO","2003-12-10",0.0092
"CNQ.TO","2004-03-10",0.0122
"CNQ.TO","2004-06-16",0.0122
"CNQ.TO","2004-09-15",0.0122
"CNQ.TO","2004-12-15",0.0122
"CNQ.TO","2005-03-16",0.0138
"CNQ.TO","2005-06-15",0.0147
"CNQ.TO","2005-09-14",0.0147
"CNQ.TO","2005-12-14",0.0147
"CNQ.TO","2006-03-15",0.0184
"CNQ.TO","2006-06-14",0.0184
"CNQ.TO","2006-09-13",0.0184
"CNQ.TO","2006-12-13",0.0184
"CNQ.TO","2007-03-14",0.0208
"CNQ.TO","2007-06-13",0.0208
"CNQ.TO","2007-09-12",0.0208
"CNQ.TO","2007-12-12",0.0208
"CNQ.TO","2008-03-12",0.0245
"CNQ.TO","2008-06-11",0.0245
"CNQ.TO","2008-09-10",0.0245
"CNQ.TO","2008-12-10",0.0245
"CNQ.TO","2009-03-11",0.0257
"CNQ.TO","2009-06-10",0.0257
"CNQ.TO","2009-09-09",0.0257
"CNQ.TO","2009-12-09",0.0257
"CNQ.TO","2010-03-10",0.0367
"CNQ.TO","2010-06-09",0.0367
"CNQ.TO","2010-09-15",0.0367
"CNQ.TO","2010-12-15",0.0367
"CNQ.TO","2011-03-16",0.0441
"CNQ.TO","2011-06-15",0.0441
"CNQ.TO","2011-09-14",0.0441
"CNQ.TO","2011-12-14",0.0441
"CNQ.TO","2012-03-15",0.0514
"CNQ.TO","2012-06-13",0.0514
"CNQ.TO","2012-09-12",0.0514
"CNQ.TO","2012-12-12",0.0514
"CNQ.TO","2013-03-14",0.0612
"CNQ.TO","2013-06-12",0.0612
"CNQ.TO","2013-09-11",0.0612
"CNQ.TO","2013-12-11",0.0979
"CNQ.TO","2014-03-13",0.1102
"CNQ.TO","2014-06-11",0.1102
"CNQ.TO","2014-09-10",0.1102
"CNQ.TO","2014-12-10",0.1102
"CNQ.TO","2015-03-12",0.1126
"CNQ.TO","2015-06-10",0.1126
"CNQ.TO","2015-09-09",0.1126
"CNQ.TO","2015-12-09",0.1126
"CNQ.TO","2016-03-16",0.1126
"CNQ.TO","2016-06-15",0.1126
"CNQ.TO","2016-09-14",0.1126
"CNQ.TO","2016-12-07",0.1224
"CNQ.TO","2017-03-15",0.1347
"CNQ.TO","2017-06-14",0.1347
"CNQ.TO","2017-09-14",0.1347
"CNQ.TO","2017-12-11",0.1347
"CNQ.TO","2018-03-15",0.1641
"CNQ.TO","2018-06-14",0.1641
"CNQ.TO","2018-09-13",0.1641
"CNQ.TO","2018-12-07",0.1641
"CNQ.TO","2019-03-21",0.1836
"CNQ.TO","2019-06-13",0.1836
"CNQ.TO","2019-09-12",0.1836
"CNQ.TO","2019-12-10",0.1836
"CNQ.TO","2020-03-19",0.2081
"CNQ.TO","2020-06-11",0.2081
"CNQ.TO","2020-09-17",0.2081
"CNQ.TO","2020-12-08",0.2081
"CNQ.TO","2021-03-18",0.2302
"CNQ.TO","2021-06-17",0.2302
"CNQ.TO","2021-09-16",0.2302
"CNQ.TO","2021-12-09",0.2880
"CNQ.TO","2022-03-17",0.3673
"CNQ.TO","2022-06-16",0.3673
"CNQ.TO","2022-08-22",0.7500
"CNQ.TO","2022-09-15",0.3750
"CNQ.TO","2022-12-15",0.4250
"CNQ.TO","2023-03-16",0.4500
"CNQ.TO","2023-06-15",0.4500
"CNQ.TO","2023-09-14",0.4500
"CNQ.TO","2023-12-07",0.5000
"CNQ.TO","2024-03-14",0.5250
"CNQ.TO","2024-06-17",0.5250
"CNQ.TO","2024-09-13",0.5250
"CNQ.TO","2024-12-13",0.5630
"CNQ.TO","2025-03-21",0.5880
"CNQ.TO","2025-06-13",0.5880
"CNQ.TO","2025-09-19",0.5880
"CNQ.TO","2025-12-12",0.5880
"CNQ.TO","2026-03-20",0.6250
"CPX.TO","2009-09-28",0.3150
"CPX.TO","2009-12-29",0.3150
"CPX.TO","2010-03-29",0.3150
"CPX.TO","2010-06-28",0.3150
"CPX.TO","2010-09-28",0.3150
"CPX.TO","2010-12-29",0.3150
"CPX.TO","2011-03-29",0.3150
"CPX.TO","2011-06-28",0.3150
"CPX.TO","2011-09-28",0.3150
"CPX.TO","2011-12-28",0.3150
"CPX.TO","2012-03-28",0.3150
"CPX.TO","2012-06-27",0.3150
"CPX.TO","2012-09-26",0.3150
"CPX.TO","2012-12-27",0.3150
"CPX.TO","2013-03-26",0.3150
"CPX.TO","2013-06-26",0.3150
"CPX.TO","2013-09-26",0.3150
"CPX.TO","2013-12-27",0.3150
"CPX.TO","2014-03-27",0.3150
"CPX.TO","2014-06-26",0.3150
"CPX.TO","2014-09-26",0.3400
"CPX.TO","2014-12-29",0.3400
"CPX.TO","2015-03-27",0.3400
"CPX.TO","2015-06-26",0.3400
"CPX.TO","2015-09-28",0.3650
"CPX.TO","2015-12-29",0.3650
"CPX.TO","2016-03-29",0.3650
"CPX.TO","2016-06-28",0.3650
"CPX.TO","2016-09-28",0.3900
"CPX.TO","2016-12-28",0.3900
"CPX.TO","2017-03-29",0.3900
"CPX.TO","2017-06-28",0.3900
"CPX.TO","2017-09-28",0.4180
"CPX.TO","2017-12-28",0.4180
"CPX.TO","2018-03-28",0.4180
"CPX.TO","2018-06-28",0.4180
"CPX.TO","2018-09-27",0.4480
"CPX.TO","2018-12-28",0.4480
"CPX.TO","2019-03-28",0.4480
"CPX.TO","2019-06-27",0.4480
"CPX.TO","2019-09-27",0.4800
"CPX.TO","2019-12-30",0.4800
"CPX.TO","2020-03-30",0.4800
"CPX.TO","2020-06-29",0.4800
"CPX.TO","2020-09-29",0.5130
"CPX.TO","2020-12-30",0.5130
"CPX.TO","2021-03-30",0.5130
"CPX.TO","2021-06-29",0.5130
"CPX.TO","2021-09-28",0.5480
"CPX.TO","2021-12-30",0.5480
"CPX.TO","2022-03-30",0.5480
"CPX.TO","2022-06-29",0.5480
"CPX.TO","2022-09-28",0.5800
"CPX.TO","2022-12-29",0.5800
"CPX.TO","2023-03-30",0.5800
"CPX.TO","2023-06-29",0.5800
"CPX.TO","2023-09-28",0.6150
"CPX.TO","2023-12-28",0.6150
"CPX.TO","2024-03-27",0.6150
"CPX.TO","2024-06-28",0.6150
"CPX.TO","2024-09-27",0.6520
"CPX.TO","2024-12-31",0.6520
"CPX.TO","2025-03-31",0.6520
"CPX.TO","2025-06-30",0.6520
"CPX.TO","2025-09-29",0.6910
"CPX.TO","2025-12-31",0.6910
"CPX.TO","2026-03-31",0.6910
"CTC-A.TO","1988-07-25",0.0600
"CTC-A.TO","1988-10-25",0.0600
"CTC-A.TO","1989-01-25",0.0600
"CTC-A.TO","1989-04-24",0.0800
"CTC-A.TO","1989-07-25",0.0800
"CTC-A.TO","1989-10-25",0.0800
"CTC-A.TO","1990-01-25",0.0800
"CTC-A.TO","1990-04-24",0.1000
"CTC-A.TO","1990-07-25",0.1000
"CTC-A.TO","1990-10-25",0.1000
"CTC-A.TO","1991-01-31",0.1000
"CTC-A.TO","1991-04-24",0.1000
"CTC-A.TO","1991-07-25",0.1000
"CTC-A.TO","1991-10-25",0.1000
"CTC-A.TO","1992-01-27",0.1000
"CTC-A.TO","1992-04-24",0.1000
"CTC-A.TO","1992-07-27",0.1000
"CTC-A.TO","1992-10-26",0.1000
"CTC-A.TO","1993-01-25",0.1000
"CTC-A.TO","1993-04-26",0.1000
"CTC-A.TO","1993-07-26",0.1000
"CTC-A.TO","1993-10-25",0.1000
"CTC-A.TO","1994-01-25",0.1000
"CTC-A.TO","1994-04-25",0.1000
"CTC-A.TO","1994-07-25",0.1000
"CTC-A.TO","1994-10-25",0.1000
"CTC-A.TO","1995-01-25",0.1000
"CTC-A.TO","1995-04-24",0.1000
"CTC-A.TO","1995-07-27",0.1000
"CTC-A.TO","1995-10-27",0.1000
"CTC-A.TO","1996-01-29",0.1000
"CTC-A.TO","1996-04-26",0.1000
"CTC-A.TO","1996-07-29",0.1000
"CTC-A.TO","1996-10-29",0.1000
"CTC-A.TO","1997-01-29",0.1000
"CTC-A.TO","1997-04-28",0.1000
"CTC-A.TO","1997-07-29",0.1000
"CTC-A.TO","1997-10-29",0.1000
"CTC-A.TO","1998-01-28",0.1000
"CTC-A.TO","1998-04-28",0.1000
"CTC-A.TO","1998-07-29",0.1000
"CTC-A.TO","1998-10-28",0.1000
"CTC-A.TO","1999-01-27",0.1000
"CTC-A.TO","1999-04-28",0.1000
"CTC-A.TO","1999-07-28",0.1000
"CTC-A.TO","1999-10-27",0.1000
"CTC-A.TO","2000-01-27",0.1000
"CTC-A.TO","2000-04-26",0.1000
"CTC-A.TO","2000-07-26",0.1000
"CTC-A.TO","2000-10-27",0.1000
"CTC-A.TO","2001-01-29",0.1000
"CTC-A.TO","2001-04-26",0.1000
"CTC-A.TO","2001-07-26",0.1000
"CTC-A.TO","2001-10-29",0.1000
"CTC-A.TO","2002-01-29",0.1000
"CTC-A.TO","2002-04-26",0.1000
"CTC-A.TO","2002-07-26",0.1000
"CTC-A.TO","2002-10-29",0.1000
"CTC-A.TO","2003-01-29",0.1000
"CTC-A.TO","2003-04-28",0.1000
"CTC-A.TO","2003-07-29",0.1000
"CTC-A.TO","2003-10-29",0.1000
"CTC-A.TO","2004-01-28",0.1000
"CTC-A.TO","2004-04-28",0.1250
"CTC-A.TO","2004-07-28",0.1250
"CTC-A.TO","2004-10-27",0.1250
"CTC-A.TO","2005-01-27",0.1250
"CTC-A.TO","2005-04-27",0.1450
"CTC-A.TO","2005-07-27",0.1450
"CTC-A.TO","2005-10-27",0.1450
"CTC-A.TO","2006-01-27",0.1450
"CTC-A.TO","2006-04-26",0.1650
"CTC-A.TO","2006-07-27",0.1650
"CTC-A.TO","2006-10-27",0.1650
"CTC-A.TO","2007-01-29",0.1650
"CTC-A.TO","2007-04-26",0.1850
"CTC-A.TO","2007-07-27",0.1850
"CTC-A.TO","2007-10-29",0.1850
"CTC-A.TO","2008-01-29",0.1850
"CTC-A.TO","2008-04-28",0.2100
"CTC-A.TO","2008-07-29",0.2100
"CTC-A.TO","2008-10-29",0.2100
"CTC-A.TO","2009-01-28",0.2100
"CTC-A.TO","2009-04-28",0.2100
"CTC-A.TO","2009-07-29",0.2100
"CTC-A.TO","2009-10-28",0.2100
"CTC-A.TO","2010-01-27",0.2100
"CTC-A.TO","2010-04-28",0.2100
"CTC-A.TO","2010-07-28",0.2100
"CTC-A.TO","2010-10-27",0.2100
"CTC-A.TO","2011-01-27",0.2750
"CTC-A.TO","2011-04-27",0.2750
"CTC-A.TO","2011-07-27",0.2750
"CTC-A.TO","2011-10-27",0.2750
"CTC-A.TO","2012-01-27",0.3000
"CTC-A.TO","2012-04-26",0.3000
"CTC-A.TO","2012-07-27",0.3000
"CTC-A.TO","2012-10-29",0.3000
"CTC-A.TO","2013-01-29",0.3500
"CTC-A.TO","2013-04-26",0.3500
"CTC-A.TO","2013-07-29",0.3500
"CTC-A.TO","2013-10-29",0.3500
"CTC-A.TO","2014-01-29",0.4380
"CTC-A.TO","2014-04-28",0.4380
"CTC-A.TO","2014-07-29",0.5000
"CTC-A.TO","2014-10-29",0.5000
"CTC-A.TO","2015-01-28",0.5250
"CTC-A.TO","2015-04-28",0.5250
"CTC-A.TO","2015-07-29",0.5250
"CTC-A.TO","2015-10-28",0.5250
"CTC-A.TO","2016-01-27",0.5750
"CTC-A.TO","2016-04-27",0.5750
"CTC-A.TO","2016-07-27",0.5750
"CTC-A.TO","2016-10-27",0.5750
"CTC-A.TO","2017-01-27",0.6500
"CTC-A.TO","2017-04-26",0.6500
"CTC-A.TO","2017-07-27",0.6500
"CTC-A.TO","2017-10-30",0.6500
"CTC-A.TO","2018-01-30",0.9000
"CTC-A.TO","2018-04-27",0.9000
"CTC-A.TO","2018-07-30",0.9000
"CTC-A.TO","2018-10-30",0.9000
"CTC-A.TO","2019-01-30",1.0380
"CTC-A.TO","2019-04-29",1.0380
"CTC-A.TO","2019-07-30",1.0380
"CTC-A.TO","2019-10-30",1.0380
"CTC-A.TO","2020-01-30",1.1380
"CTC-A.TO","2020-04-29",1.1380
"CTC-A.TO","2020-07-30",1.1380
"CTC-A.TO","2020-10-29",1.1380
"CTC-A.TO","2021-01-28",1.1750
"CTC-A.TO","2021-04-29",1.1750
"CTC-A.TO","2021-07-29",1.1750
"CTC-A.TO","2021-10-28",1.1750
"CTC-A.TO","2022-01-28",1.3000
"CTC-A.TO","2022-04-28",1.3000
"CTC-A.TO","2022-07-28",1.6250
"CTC-A.TO","2022-10-28",1.6250
"CTC-A.TO","2023-01-30",1.7250
"CTC-A.TO","2023-04-27",1.7250
"CTC-A.TO","2023-07-28",1.7250
"CTC-A.TO","2023-10-30",1.7250
"CTC-A.TO","2024-01-30",1.7500
"CTC-A.TO","2024-04-29",1.7500
"CTC-A.TO","2024-07-31",1.7500
"CTC-A.TO","2024-10-31",1.7500
"CTC-A.TO","2025-01-31",1.7750
"CTC-A.TO","2025-04-30",1.7750
"CTC-A.TO","2025-07-31",1.7750
"CTC-A.TO","2025-10-31",1.7750
"CTC-A.TO","2026-01-30",1.8000
"CTC-A.TO","2026-04-30",1.8000
"CU.TO","2000-11-08",0.1125
"CU.TO","2001-02-07",0.1175
"CU.TO","2001-05-02",0.1175
"CU.TO","2001-08-08",0.1175
"CU.TO","2001-11-07",0.1175
"CU.TO","2002-02-06",0.1225
"CU.TO","2002-05-15",0.1225
"CU.TO","2002-08-07",0.1225
"CU.TO","2002-11-06",0.1225
"CU.TO","2003-02-05",0.1275
"CU.TO","2003-05-07",0.1275
"CU.TO","2003-08-06",0.1275
"CU.TO","2003-11-05",0.1275
"CU.TO","2004-02-09",0.1325
"CU.TO","2004-05-10",0.1325
"CU.TO","2004-08-10",0.1325
"CU.TO","2004-11-08",0.1325
"CU.TO","2005-02-07",0.1375
"CU.TO","2005-05-09",0.1375
"CU.TO","2005-08-08",0.1375
"CU.TO","2005-11-07",0.1375
"CU.TO","2006-02-06",0.1425
"CU.TO","2006-08-04",0.2700
"CU.TO","2006-11-06",0.1450
"CU.TO","2007-02-05",0.1525
"CU.TO","2007-05-15",0.1575
"CU.TO","2007-08-03",0.1575
"CU.TO","2007-11-05",0.1575
"CU.TO","2008-02-04",0.1665
"CU.TO","2008-05-05",0.1665
"CU.TO","2008-08-01",0.1665
"CU.TO","2008-11-03",0.1665
"CU.TO","2009-02-04",0.1765
"CU.TO","2009-05-05",0.1765
"CU.TO","2009-08-06",0.1765
"CU.TO","2009-11-05",0.1765
"CU.TO","2010-02-04",0.1890
"CU.TO","2010-05-06",0.1890
"CU.TO","2010-08-09",0.1890
"CU.TO","2010-11-08",0.1890
"CU.TO","2011-02-03",0.2015
"CU.TO","2011-05-06",0.2015
"CU.TO","2011-08-09",0.2015
"CU.TO","2011-11-08",0.2015
"CU.TO","2012-02-03",0.2215
"CU.TO","2012-05-08",0.2215
"CU.TO","2012-08-08",0.2215
"CU.TO","2012-11-07",0.2215
"CU.TO","2013-02-05",0.2425
"CU.TO","2013-05-08",0.2425
"CU.TO","2013-08-08",0.2420
"CU.TO","2013-11-06",0.2420
"CU.TO","2014-02-04",0.2680
"CU.TO","2014-05-07",0.2680
"CU.TO","2014-08-07",0.2680
"CU.TO","2014-11-05",0.2680
"CU.TO","2015-02-03",0.2950
"CU.TO","2015-05-05",0.2950
"CU.TO","2015-08-07",0.2950
"CU.TO","2015-11-03",0.2950
"CU.TO","2016-02-03",0.3250
"CU.TO","2016-05-05",0.3250
"CU.TO","2016-08-08",0.3250
"CU.TO","2016-11-04",0.3250
"CU.TO","2017-02-02",0.3580
"CU.TO","2017-05-05",0.3580
"CU.TO","2017-08-08",0.3580
"CU.TO","2017-11-08",0.3580
"CU.TO","2018-02-07",0.3930
"CU.TO","2018-05-09",0.3930
"CU.TO","2018-08-09",0.3930
"CU.TO","2018-11-08",0.3930
"CU.TO","2019-02-06",0.4230
"CU.TO","2019-05-08",0.4230
"CU.TO","2019-08-07",0.4230
"CU.TO","2019-11-06",0.4230
"CU.TO","2020-02-05",0.4350
"CU.TO","2020-05-06",0.4350
"CU.TO","2020-08-05",0.4350
"CU.TO","2020-11-04",0.4350
"CU.TO","2021-02-03",0.4400
"CU.TO","2021-05-05",0.4400
"CU.TO","2021-08-04",0.4400
"CU.TO","2021-11-03",0.4400
"CU.TO","2022-02-02",0.4440
"CU.TO","2022-05-04",0.4440
"CU.TO","2022-08-03",0.4440
"CU.TO","2022-11-02",0.4440
"CU.TO","2023-02-01",0.4490
"CU.TO","2023-05-03",0.4490
"CU.TO","2023-08-02",0.4490
"CU.TO","2023-11-01",0.4490
"CU.TO","2024-01-31",0.4530
"CU.TO","2024-05-01",0.4530
"CU.TO","2024-08-08",0.4530
"CU.TO","2024-11-07",0.4530
"CU.TO","2025-02-06",0.4580
"CU.TO","2025-05-01",0.4580
"CU.TO","2025-08-07",0.4580
"CU.TO","2025-11-06",0.4580
"CU.TO","2026-02-05",0.4620
"CU.TO","2026-05-07",0.4620
"CVE.TO","2010-03-11",0.2000
"CVE.TO","2010-06-11",0.2000
"CVE.TO","2010-12-13",0.2000
"CVE.TO","2011-03-11",0.2000
"CVE.TO","2011-06-13",0.2000
"CVE.TO","2011-09-13",0.2000
"CVE.TO","2011-12-13",0.2000
"CVE.TO","2012-03-13",0.2200
"CVE.TO","2012-06-13",0.2200
"CVE.TO","2012-09-12",0.2200
"CVE.TO","2012-12-12",0.2200
"CVE.TO","2013-03-13",0.2420
"CVE.TO","2013-06-12",0.2420
"CVE.TO","2013-09-11",0.2420
"CVE.TO","2013-12-11",0.2420
"CVE.TO","2014-03-12",0.2660
"CVE.TO","2014-06-11",0.2660
"CVE.TO","2014-09-11",0.2660
"CVE.TO","2014-12-11",0.2660
"CVE.TO","2015-03-11",0.2660
"CVE.TO","2015-06-11",0.2660
"CVE.TO","2015-09-11",0.1600
"CVE.TO","2015-12-11",0.1600
"CVE.TO","2016-03-11",0.0500
"CVE.TO","2016-06-13",0.0500
"CVE.TO","2016-09-13",0.0500
"CVE.TO","2016-12-13",0.0500
"CVE.TO","2017-03-13",0.0500
"CVE.TO","2017-06-13",0.0500
"CVE.TO","2017-09-14",0.0500
"CVE.TO","2017-12-14",0.0500
"CVE.TO","2018-03-14",0.0500
"CVE.TO","2018-06-14",0.0500
"CVE.TO","2018-09-13",0.0500
"CVE.TO","2018-12-13",0.0500
"CVE.TO","2019-03-14",0.0500
"CVE.TO","2019-06-13",0.0500
"CVE.TO","2019-09-12",0.0500
"CVE.TO","2019-12-12",0.0630
"CVE.TO","2020-03-12",0.0630
"CVE.TO","2021-03-12",0.0180
"CVE.TO","2021-06-14",0.0180
"CVE.TO","2021-09-14",0.0180
"CVE.TO","2021-12-14",0.0350
"CVE.TO","2022-03-14",0.0350
"CVE.TO","2022-06-14",0.1050
"CVE.TO","2022-09-14",0.1050
"CVE.TO","2022-11-17",0.1140
"CVE.TO","2022-12-14",0.1050
"CVE.TO","2023-03-14",0.1050
"CVE.TO","2023-06-14",0.1400
"CVE.TO","2023-09-14",0.1400
"CVE.TO","2023-12-14",0.1400
"CVE.TO","2024-03-14",0.1400
"CVE.TO","2024-05-16",0.1350
"CVE.TO","2024-06-14",0.1800
"CVE.TO","2024-09-13",0.1800
"CVE.TO","2024-12-13",0.1800
"CVE.TO","2025-03-14",0.1800
"CVE.TO","2025-06-13",0.2000
"CVE.TO","2025-09-15",0.2000
"CVE.TO","2025-12-15",0.2000
"CVE.TO","2026-03-13",0.2000
"EMA.TO","1995-01-26",0.1950
"EMA.TO","1995-04-25",0.1950
"EMA.TO","1995-07-27",0.1950
"EMA.TO","1995-10-27",0.1950
"EMA.TO","1996-01-30",0.2000
"EMA.TO","1996-04-29",0.2000
"EMA.TO","1996-07-29",0.2000
"EMA.TO","1996-10-29",0.2000
"EMA.TO","1997-01-29",0.2020
"EMA.TO","1997-04-29",0.2020
"EMA.TO","1997-07-29",0.2020
"EMA.TO","1997-10-28",0.2020
"EMA.TO","1998-01-28",0.2050
"EMA.TO","1998-04-29",0.2050
"EMA.TO","1998-07-28",0.2050
"EMA.TO","1998-10-27",0.2050
"EMA.TO","1999-01-28",0.2080
"EMA.TO","1999-04-28",0.2080
"EMA.TO","1999-07-27",0.2080
"EMA.TO","1999-10-27",0.2080
"EMA.TO","2000-07-27",0.2100
"EMA.TO","2000-10-27",0.2100
"EMA.TO","2001-01-30",0.2130
"EMA.TO","2001-04-27",0.2130
"EMA.TO","2001-07-27",0.2130
"EMA.TO","2001-10-29",0.2130
"EMA.TO","2002-01-30",0.2150
"EMA.TO","2002-04-29",0.2150
"EMA.TO","2002-07-11",0.2150
"EMA.TO","2002-07-29",0.2150
"EMA.TO","2002-10-29",0.2150
"EMA.TO","2003-01-29",0.2150
"EMA.TO","2003-04-29",0.2150
"EMA.TO","2003-07-29",0.2150
"EMA.TO","2003-10-28",0.2150
"EMA.TO","2004-01-29",0.2200
"EMA.TO","2004-04-29",0.2200
"EMA.TO","2004-07-28",0.2200
"EMA.TO","2004-10-27",0.2200
"EMA.TO","2005-01-28",0.2230
"EMA.TO","2005-04-28",0.2230
"EMA.TO","2005-07-27",0.2230
"EMA.TO","2005-10-28",0.2230
"EMA.TO","2006-01-30",0.2230
"EMA.TO","2006-04-27",0.2230
"EMA.TO","2006-07-28",0.2230
"EMA.TO","2006-10-30",0.2230
"EMA.TO","2007-01-30",0.2230
"EMA.TO","2007-04-27",0.2230
"EMA.TO","2007-07-30",0.2280
"EMA.TO","2007-10-30",0.2280
"EMA.TO","2008-01-30",0.2380
"EMA.TO","2008-04-29",0.2380
"EMA.TO","2008-07-30",0.2380
"EMA.TO","2008-10-30",0.2530
"EMA.TO","2009-01-29",0.2530
"EMA.TO","2009-04-29",0.2530
"EMA.TO","2009-07-29",0.2530
"EMA.TO","2009-10-29",0.2730
"EMA.TO","2010-01-28",0.2730
"EMA.TO","2010-04-29",0.2830
"EMA.TO","2010-07-28",0.2830
"EMA.TO","2010-10-28",0.3250
"EMA.TO","2011-01-28",0.3250
"EMA.TO","2011-04-28",0.3250
"EMA.TO","2011-07-27",0.3250
"EMA.TO","2011-10-28",0.3380
"EMA.TO","2012-01-30",0.3380
"EMA.TO","2012-04-27",0.3380
"EMA.TO","2012-07-30",0.6750
"EMA.TO","2012-10-30",0.3500
"EMA.TO","2013-01-30",0.3500
"EMA.TO","2013-04-29",0.3500
"EMA.TO","2013-07-29",0.3500
"EMA.TO","2013-10-30",0.3620
"EMA.TO","2014-01-30",0.3630
"EMA.TO","2014-04-29",0.3630
"EMA.TO","2014-07-29",0.3630
"EMA.TO","2014-10-30",0.3880
"EMA.TO","2015-01-30",0.3880
"EMA.TO","2015-04-29",0.4000
"EMA.TO","2015-07-29",0.4000
"EMA.TO","2015-10-29",0.4750
"EMA.TO","2016-01-29",0.4750
"EMA.TO","2016-04-28",0.4750
"EMA.TO","2016-07-20",0.5230
"EMA.TO","2016-10-28",0.5230
"EMA.TO","2017-01-30",0.5230
"EMA.TO","2017-04-27",0.5230
"EMA.TO","2017-07-28",0.5230
"EMA.TO","2017-10-31",0.5650
"EMA.TO","2018-01-31",0.5650
"EMA.TO","2018-04-30",0.5650
"EMA.TO","2018-07-31",0.5650
"EMA.TO","2018-10-31",0.5880
"EMA.TO","2019-01-31",0.5880
"EMA.TO","2019-04-30",0.5880
"EMA.TO","2019-07-31",0.5880
"EMA.TO","2019-10-31",0.6130
"EMA.TO","2020-01-30",0.6130
"EMA.TO","2020-04-30",0.6130
"EMA.TO","2020-07-30",0.6130
"EMA.TO","2020-10-30",0.6380
"EMA.TO","2021-02-01",0.6380
"EMA.TO","2021-04-30",0.6380
"EMA.TO","2021-07-30",0.6380
"EMA.TO","2021-10-29",0.6630
"EMA.TO","2022-01-31",0.6630
"EMA.TO","2022-04-29",0.6630
"EMA.TO","2022-07-29",0.6630
"EMA.TO","2022-10-31",0.6900
"EMA.TO","2023-01-31",0.6900
"EMA.TO","2023-04-28",0.6900
"EMA.TO","2023-07-31",0.6900
"EMA.TO","2023-10-31",0.7180
"EMA.TO","2024-01-31",0.7180
"EMA.TO","2024-04-30",0.7180
"EMA.TO","2024-08-01",0.7180
"EMA.TO","2024-10-03",0.7250
"EMA.TO","2024-11-01",0.7250
"EMA.TO","2025-01-31",0.7250
"EMA.TO","2025-05-01",0.7250
"EMA.TO","2025-08-01",0.7250
"EMA.TO","2025-10-31",0.7330
"EMA.TO","2026-01-30",0.7330
"EMA.TO","2026-05-01",0.7330
"ENB.TO","1995-02-07",0.0625
"ENB.TO","1995-05-23",0.0625
"ENB.TO","1995-08-11",0.0625
"ENB.TO","1995-11-17",0.0625
"ENB.TO","1996-02-14",0.0625
"ENB.TO","1996-05-13",0.0625
"ENB.TO","1996-08-16",0.0644
"ENB.TO","1996-11-13",0.0644
"ENB.TO","1997-02-12",0.0644
"ENB.TO","1997-05-14",0.0644
"ENB.TO","1997-08-20",0.0681
"ENB.TO","1997-11-19",0.0681
"ENB.TO","1998-02-11",0.0681
"ENB.TO","1998-05-13",0.0681
"ENB.TO","1998-08-12",0.0719
"ENB.TO","1998-11-17",0.0719
"ENB.TO","1999-02-10",0.0719
"ENB.TO","1999-05-12",0.0755
"ENB.TO","1999-08-11",0.0757
"ENB.TO","1999-11-17",0.0757
"ENB.TO","2000-02-09",0.0757
"ENB.TO","2000-05-10",0.0808
"ENB.TO","2000-08-09",0.0808
"ENB.TO","2000-11-15",0.0808
"ENB.TO","2001-02-07",0.0875
"ENB.TO","2001-05-16",0.0875
"ENB.TO","2001-08-08",0.0875
"ENB.TO","2001-11-21",0.0875
"ENB.TO","2002-02-11",0.0950
"ENB.TO","2002-05-15",0.0950
"ENB.TO","2002-08-07",0.0950
"ENB.TO","2002-11-18",0.0950
"ENB.TO","2003-02-12",0.1037
"ENB.TO","2003-05-19",0.1037
"ENB.TO","2003-08-13",0.1037
"ENB.TO","2003-11-12",0.1037
"ENB.TO","2004-02-11",0.1145
"ENB.TO","2004-05-13",0.1145
"ENB.TO","2004-08-12",0.1145
"ENB.TO","2004-11-10",0.1145
"ENB.TO","2005-02-11",0.1250
"ENB.TO","2005-05-12",0.1250
"ENB.TO","2005-08-11",0.1250
"ENB.TO","2005-11-10",0.1440
"ENB.TO","2006-02-13",0.1440
"ENB.TO","2006-05-11",0.1440
"ENB.TO","2006-08-11",0.1440
"ENB.TO","2006-11-10",0.1440
"ENB.TO","2007-02-13",0.1540
"ENB.TO","2007-05-11",0.1540
"ENB.TO","2007-08-13",0.1540
"ENB.TO","2007-11-13",0.1540
"ENB.TO","2008-02-13",0.1650
"ENB.TO","2008-05-13",0.1650
"ENB.TO","2008-08-13",0.1650
"ENB.TO","2008-11-12",0.1650
"ENB.TO","2009-02-11",0.1850
"ENB.TO","2009-05-13",0.1850
"ENB.TO","2009-08-13",0.1850
"ENB.TO","2009-11-12",0.1850
"ENB.TO","2010-02-10",0.2125
"ENB.TO","2010-05-12",0.2125
"ENB.TO","2010-08-11",0.2125
"ENB.TO","2010-11-10",0.2125
"ENB.TO","2011-02-11",0.2450
"ENB.TO","2011-05-11",0.2450
"ENB.TO","2011-08-11",0.2450
"ENB.TO","2011-11-10",0.2450
"ENB.TO","2012-02-13",0.2830
"ENB.TO","2012-05-11",0.2830
"ENB.TO","2012-08-13",0.2830
"ENB.TO","2012-11-13",0.2830
"ENB.TO","2013-02-13",0.3150
"ENB.TO","2013-05-13",0.3150
"ENB.TO","2013-08-13",0.3150
"ENB.TO","2013-11-13",0.3150
"ENB.TO","2014-02-12",0.3500
"ENB.TO","2014-05-13",0.3500
"ENB.TO","2014-08-13",0.3500
"ENB.TO","2014-11-12",0.3500
"ENB.TO","2015-02-11",0.4650
"ENB.TO","2015-05-13",0.4650
"ENB.TO","2015-08-12",0.4650
"ENB.TO","2015-11-12",0.4650
"ENB.TO","2016-02-11",0.5300
"ENB.TO","2016-05-12",0.5300
"ENB.TO","2016-08-11",0.5300
"ENB.TO","2016-11-10",0.5300
"ENB.TO","2017-02-13",0.5830
"ENB.TO","2017-05-11",0.6100
"ENB.TO","2017-08-11",0.6100
"ENB.TO","2017-11-14",0.6100
"ENB.TO","2018-02-14",0.6710
"ENB.TO","2018-05-14",0.6710
"ENB.TO","2018-08-14",0.6710
"ENB.TO","2018-11-14",0.6710
"ENB.TO","2019-02-14",0.7380
"ENB.TO","2019-05-14",0.7380
"ENB.TO","2019-08-14",0.7380
"ENB.TO","2019-11-14",0.7380
"ENB.TO","2020-02-13",0.8100
"ENB.TO","2020-05-14",0.8100
"ENB.TO","2020-08-13",0.8100
"ENB.TO","2020-11-12",0.8100
"ENB.TO","2021-02-11",0.8350
"ENB.TO","2021-05-13",0.8350
"ENB.TO","2021-08-12",0.8350
"ENB.TO","2021-11-12",0.8350
"ENB.TO","2022-02-14",0.8600
"ENB.TO","2022-05-12",0.8600
"ENB.TO","2022-08-12",0.8600
"ENB.TO","2022-11-14",0.8600
"ENB.TO","2023-02-14",0.8880
"ENB.TO","2023-05-12",0.8880
"ENB.TO","2023-08-14",0.8880
"ENB.TO","2023-11-14",0.8880
"ENB.TO","2024-02-14",0.9150
"ENB.TO","2024-05-14",0.9150
"ENB.TO","2024-08-15",0.9150
"ENB.TO","2024-11-15",0.9150
"ENB.TO","2025-02-14",0.9430
"ENB.TO","2025-05-15",0.9430
"ENB.TO","2025-08-15",0.9430
"ENB.TO","2025-11-14",0.9430
"ENB.TO","2026-02-17",0.9700
"ENB.TO","2026-05-15",0.9700
"ENGH.TO","2007-05-10",0.0125
"ENGH.TO","2007-08-10",0.0125
"ENGH.TO","2007-11-09",0.0125
"ENGH.TO","2008-02-12",0.0125
"ENGH.TO","2008-05-12",0.0125
"ENGH.TO","2008-08-12",0.0125
"ENGH.TO","2008-11-12",0.0125
"ENGH.TO","2009-02-11",0.0125
"ENGH.TO","2009-05-13",0.0150
"ENGH.TO","2009-08-12",0.0150
"ENGH.TO","2009-11-12",0.0150
"ENGH.TO","2010-05-13",0.0200
"ENGH.TO","2010-08-13",0.0200
"ENGH.TO","2010-11-12",0.0200
"ENGH.TO","2011-02-10",0.0200
"ENGH.TO","2011-05-13",0.0250
"ENGH.TO","2011-08-15",0.0250
"ENGH.TO","2011-11-14",0.0250
"ENGH.TO","2012-02-13",0.0250
"ENGH.TO","2012-05-15",0.0325
"ENGH.TO","2012-08-15",0.0325
"ENGH.TO","2012-11-14",0.0325
"ENGH.TO","2013-02-12",0.0325
"ENGH.TO","2013-05-15",0.0400
"ENGH.TO","2013-08-14",0.0400
"ENGH.TO","2013-11-13",0.0400
"ENGH.TO","2014-02-12",0.0400
"ENGH.TO","2014-05-14",0.0500
"ENGH.TO","2014-08-13",0.0500
"ENGH.TO","2014-11-12",0.0500
"ENGH.TO","2015-02-11",0.0500
"ENGH.TO","2015-05-13",0.0600
"ENGH.TO","2015-08-12",0.0600
"ENGH.TO","2015-11-12",0.0600
"ENGH.TO","2016-02-10",0.0600
"ENGH.TO","2016-05-13",0.0700
"ENGH.TO","2016-08-15",0.0700
"ENGH.TO","2016-11-14",0.0700
"ENGH.TO","2017-02-10",0.0700
"ENGH.TO","2017-05-15",0.0800
"ENGH.TO","2017-08-15",0.0800
"ENGH.TO","2017-11-15",0.0800
"ENGH.TO","2018-02-13",0.0800
"ENGH.TO","2018-05-16",0.0900
"ENGH.TO","2018-08-16",0.0900
"ENGH.TO","2018-11-15",0.0900
"ENGH.TO","2019-02-13",0.0900
"ENGH.TO","2019-05-16",0.1100
"ENGH.TO","2019-08-15",0.1100
"ENGH.TO","2019-11-14",0.1100
"ENGH.TO","2020-02-13",0.1100
"ENGH.TO","2020-05-14",0.1350
"ENGH.TO","2020-08-14",0.1350
"ENGH.TO","2020-11-13",0.1350
"ENGH.TO","2021-01-14",1.5000
"ENGH.TO","2021-02-11",0.1350
"ENGH.TO","2021-05-14",0.1600
"ENGH.TO","2021-08-16",0.1600
"ENGH.TO","2021-11-15",0.1600
"ENGH.TO","2022-02-11",0.1600
"ENGH.TO","2022-05-16",0.1850
"ENGH.TO","2022-08-16",0.1850
"ENGH.TO","2022-11-15",0.1850
"ENGH.TO","2023-02-13",0.1850
"ENGH.TO","2023-05-16",0.2200
"ENGH.TO","2023-08-16",0.2200
"ENGH.TO","2023-11-15",0.2200
"ENGH.TO","2024-02-14",0.2200
"ENGH.TO","2024-05-16",0.2600
"ENGH.TO","2024-08-16",0.2600
"ENGH.TO","2024-11-15",0.2600
"ENGH.TO","2025-02-14",0.2600
"ENGH.TO","2025-05-16",0.3000
"ENGH.TO","2025-08-15",0.3000
"ENGH.TO","2025-11-14",0.3000
"ENGH.TO","2026-02-13",0.3000
"ENGH.TO","2026-05-15",0.3100
"FTS.TO","1995-02-06",0.1050
"FTS.TO","1995-05-08",0.1050
"FTS.TO","1995-08-09",0.1050
"FTS.TO","1995-11-08",0.1075
"FTS.TO","1996-02-07",0.1075
"FTS.TO","1996-05-15",0.1075
"FTS.TO","1996-08-14",0.1075
"FTS.TO","1996-11-13",0.1075
"FTS.TO","1997-02-12",0.1100
"FTS.TO","1997-05-07",0.1100
"FTS.TO","1997-08-06",0.1100
"FTS.TO","1997-11-05",0.1100
"FTS.TO","1998-02-04",0.1125
"FTS.TO","1998-05-06",0.1125
"FTS.TO","1998-08-05",0.1125
"FTS.TO","1998-11-04",0.1125
"FTS.TO","1999-02-03",0.1125
"FTS.TO","1999-05-05",0.1125
"FTS.TO","1999-08-04",0.1125
"FTS.TO","1999-11-03",0.1150
"FTS.TO","2000-02-02",0.1150
"FTS.TO","2000-05-02",0.1150
"FTS.TO","2000-08-02",0.1150
"FTS.TO","2000-11-01",0.1150
"FTS.TO","2001-01-31",0.1150
"FTS.TO","2001-05-02",0.1175
"FTS.TO","2001-08-08",0.1175
"FTS.TO","2001-11-07",0.1175
"FTS.TO","2002-02-06",0.1175
"FTS.TO","2002-05-01",0.1225
"FTS.TO","2002-08-07",0.1225
"FTS.TO","2002-11-06",0.1225
"FTS.TO","2003-02-05",0.1300
"FTS.TO","2003-05-07",0.1300
"FTS.TO","2003-08-06",0.1300
"FTS.TO","2003-11-05",0.1300
"FTS.TO","2004-02-04",0.1350
"FTS.TO","2004-05-05",0.1350
"FTS.TO","2004-08-04",0.1350
"FTS.TO","2004-11-03",0.1350
"FTS.TO","2005-05-04",0.1425
"FTS.TO","2005-08-03",0.1425
"FTS.TO","2005-11-02",0.1600
"FTS.TO","2006-02-01",0.1600
"FTS.TO","2006-08-02",0.1600
"FTS.TO","2006-11-01",0.1900
"FTS.TO","2007-01-31",0.1900
"FTS.TO","2007-05-02",0.2100
"FTS.TO","2007-08-08",0.2100
"FTS.TO","2007-11-07",0.2100
"FTS.TO","2008-02-06",0.2500
"FTS.TO","2008-05-07",0.2500
"FTS.TO","2008-08-06",0.2500
"FTS.TO","2008-11-05",0.2500
"FTS.TO","2009-02-04",0.2600
"FTS.TO","2009-05-06",0.2600
"FTS.TO","2009-08-05",0.2600
"FTS.TO","2009-11-04",0.2600
"FTS.TO","2010-02-03",0.2800
"FTS.TO","2010-05-05",0.2800
"FTS.TO","2010-08-04",0.2800
"FTS.TO","2010-11-09",0.2800
"FTS.TO","2011-02-09",0.2900
"FTS.TO","2011-05-11",0.2900
"FTS.TO","2011-08-10",0.2900
"FTS.TO","2011-11-09",0.2900
"FTS.TO","2012-02-13",0.3000
"FTS.TO","2012-05-15",0.3000
"FTS.TO","2012-08-15",0.3000
"FTS.TO","2012-11-14",0.3000
"FTS.TO","2013-02-12",0.3100
"FTS.TO","2013-05-15",0.3100
"FTS.TO","2013-08-14",0.3100
"FTS.TO","2013-11-13",0.3100
"FTS.TO","2014-02-12",0.3200
"FTS.TO","2014-05-14",0.3200
"FTS.TO","2014-08-13",0.3200
"FTS.TO","2014-10-22",0.3200
"FTS.TO","2015-02-12",0.3400
"FTS.TO","2015-05-14",0.3400
"FTS.TO","2015-08-17",0.3400
"FTS.TO","2015-11-16",0.3750
"FTS.TO","2016-02-12",0.3750
"FTS.TO","2016-05-16",0.3750
"FTS.TO","2016-08-17",0.3750
"FTS.TO","2016-11-16",0.4000
"FTS.TO","2017-02-14",0.4000
"FTS.TO","2017-05-17",0.4000
"FTS.TO","2017-08-17",0.4000
"FTS.TO","2017-11-17",0.4250
"FTS.TO","2018-02-14",0.4250
"FTS.TO","2018-05-17",0.4250
"FTS.TO","2018-08-20",0.4250
"FTS.TO","2018-11-19",0.4500
"FTS.TO","2019-02-14",0.4500
"FTS.TO","2019-05-16",0.4500
"FTS.TO","2019-08-19",0.4500
"FTS.TO","2019-11-18",0.4780
"FTS.TO","2020-02-14",0.4780
"FTS.TO","2020-05-14",0.4780
"FTS.TO","2020-08-18",0.4780
"FTS.TO","2020-11-17",0.5050
"FTS.TO","2021-02-12",0.5050
"FTS.TO","2021-05-14",0.5050
"FTS.TO","2021-08-18",0.5050
"FTS.TO","2021-11-16",0.5350
"FTS.TO","2022-02-14",0.5350
"FTS.TO","2022-05-16",0.5350
"FTS.TO","2022-08-18",0.5350
"FTS.TO","2022-11-16",0.5650
"FTS.TO","2023-02-14",0.5650
"FTS.TO","2023-05-16",0.5650
"FTS.TO","2023-08-18",0.5650
"FTS.TO","2023-11-16",0.5900
"FTS.TO","2024-02-15",0.5900
"FTS.TO","2024-05-16",0.5900
"FTS.TO","2024-08-20",0.5900
"FTS.TO","2024-11-18",0.6150
"FTS.TO","2025-02-18",0.6150
"FTS.TO","2025-05-16",0.6150
"FTS.TO","2025-08-19",0.6150
"FTS.TO","2025-11-17",0.6400
"FTS.TO","2026-02-17",0.6400
"FTS.TO","2026-05-15",0.6400
"PPL.TO","2003-10-29",0.2630
"PPL.TO","2003-11-26",0.2630
"PPL.TO","2003-12-29",0.2630
"PPL.TO","2004-01-28",0.2630
"PPL.TO","2004-02-25",0.2630
"PPL.TO","2004-03-29",0.2630
"PPL.TO","2004-04-28",0.2630
"PPL.TO","2004-05-27",0.2630
"PPL.TO","2004-06-28",0.2630
"PPL.TO","2004-07-28",0.2630
"PPL.TO","2004-08-27",0.2630
"PPL.TO","2004-09-28",0.2630
"PPL.TO","2004-10-27",0.2630
"PPL.TO","2004-11-26",0.2630
"PPL.TO","2004-12-29",0.2630
"PPL.TO","2005-01-27",0.0880
"PPL.TO","2005-02-24",0.0880
"PPL.TO","2005-03-29",0.0880
"PPL.TO","2005-04-27",0.0880
"PPL.TO","2005-05-27",0.0880
"PPL.TO","2005-06-28",0.0880
"PPL.TO","2005-07-27",0.0880
"PPL.TO","2005-08-29",0.0880
"PPL.TO","2005-09-28",0.0880
"PPL.TO","2005-10-27",0.0880
"PPL.TO","2005-11-28",0.0880
"PPL.TO","2005-12-28",0.0880
"PPL.TO","2006-01-27",0.0950
"PPL.TO","2006-02-24",0.0950
"PPL.TO","2006-03-29",0.0950
"PPL.TO","2006-04-26",0.0950
"PPL.TO","2006-05-29",0.0950
"PPL.TO","2006-06-28",0.0950
"PPL.TO","2006-07-27",0.0950
"PPL.TO","2006-08-29",0.1000
"PPL.TO","2006-09-27",0.1000
"PPL.TO","2006-10-27",0.1000
"PPL.TO","2006-11-28",0.1000
"PPL.TO","2006-12-27",0.1000
"PPL.TO","2007-01-29",0.1100
"PPL.TO","2007-02-26",0.1100
"PPL.TO","2007-03-28",0.1100
"PPL.TO","2007-04-26",0.1100
"PPL.TO","2007-05-29",0.1100
"PPL.TO","2007-06-27",0.1100
"PPL.TO","2007-07-27",0.1100
"PPL.TO","2007-08-29",0.1200
"PPL.TO","2007-09-26",0.1200
"PPL.TO","2007-10-29",0.1200
"PPL.TO","2007-11-28",0.1200
"PPL.TO","2007-12-27",0.1200
"PPL.TO","2008-01-29",0.1200
"PPL.TO","2008-02-27",0.1200
"PPL.TO","2008-03-27",0.1200
"PPL.TO","2008-04-28",0.1200
"PPL.TO","2008-05-28",0.1200
"PPL.TO","2008-06-26",0.1200
"PPL.TO","2008-07-29",0.1200
"PPL.TO","2008-08-27",0.1300
"PPL.TO","2008-09-26",0.1300
"PPL.TO","2008-10-29",0.1300
"PPL.TO","2008-11-26",0.1300
"PPL.TO","2008-12-29",0.1300
"PPL.TO","2009-01-28",0.1300
"PPL.TO","2009-02-25",0.1300
"PPL.TO","2009-04-28",0.1300
"PPL.TO","2009-05-27",0.1300
"PPL.TO","2009-06-23",0.1300
"PPL.TO","2009-07-22",0.1300
"PPL.TO","2009-08-21",0.1300
"PPL.TO","2009-09-23",0.1300
"PPL.TO","2009-10-23",0.1300
"PPL.TO","2009-11-23",0.1300
"PPL.TO","2009-12-29",0.1300
"PPL.TO","2010-01-21",0.1300
"PPL.TO","2010-02-23",0.1300
"PPL.TO","2010-03-23",0.1300
"PPL.TO","2010-04-21",0.1300
"PPL.TO","2010-05-20",0.1300
"PPL.TO","2010-06-23",0.1300
"PPL.TO","2010-07-21",0.1300
"PPL.TO","2010-08-23",0.1300
"PPL.TO","2010-09-22",0.1300
"PPL.TO","2010-10-21",0.1300
"PPL.TO","2010-11-23",0.1300
"PPL.TO","2010-12-29",0.1300
"PPL.TO","2011-01-21",0.1300
"PPL.TO","2011-02-23",0.1300
"PPL.TO","2011-03-23",0.1300
"PPL.TO","2011-04-20",0.1300
"PPL.TO","2011-05-20",0.1300
"PPL.TO","2011-06-22",0.1300
"PPL.TO","2011-07-21",0.1300
"PPL.TO","2011-08-23",0.1300
"PPL.TO","2011-09-21",0.1300
"PPL.TO","2011-10-21",0.1300
"PPL.TO","2011-11-23",0.1300
"PPL.TO","2011-12-28",0.1300
"PPL.TO","2012-01-23",0.1300
"PPL.TO","2012-02-22",0.1300
"PPL.TO","2012-03-21",0.1300
"PPL.TO","2012-04-23",0.1350
"PPL.TO","2012-05-23",0.1350
"PPL.TO","2012-06-21",0.1350
"PPL.TO","2012-07-23",0.1350
"PPL.TO","2012-08-22",0.1350
"PPL.TO","2012-09-21",0.1350
"PPL.TO","2012-10-23",0.1350
"PPL.TO","2012-11-21",0.1350
"PPL.TO","2012-12-27",0.1350
"PPL.TO","2013-01-23",0.1350
"PPL.TO","2013-02-21",0.1350
"PPL.TO","2013-03-21",0.1350
"PPL.TO","2013-04-23",0.1350
"PPL.TO","2013-05-22",0.1350
"PPL.TO","2013-06-21",0.1350
"PPL.TO","2013-07-23",0.1350
"PPL.TO","2013-08-21",0.1400
"PPL.TO","2013-09-23",0.1400
"PPL.TO","2013-10-23",0.1400
"PPL.TO","2013-11-21",0.1400
"PPL.TO","2013-12-27",0.1400
"PPL.TO","2014-01-22",0.1400
"PPL.TO","2014-02-21",0.1400
"PPL.TO","2014-03-21",0.1400
"PPL.TO","2014-04-23",0.1400
"PPL.TO","2014-05-21",0.1450
"PPL.TO","2014-06-23",0.1450
"PPL.TO","2014-07-23",0.1450
"PPL.TO","2014-08-21",0.1450
"PPL.TO","2014-09-23",0.1450
"PPL.TO","2014-10-22",0.1450
"PPL.TO","2014-11-21",0.1450
"PPL.TO","2014-12-29",0.1450
"PPL.TO","2015-01-21",0.1450
"PPL.TO","2015-02-23",0.1450
"PPL.TO","2015-03-23",0.1450
"PPL.TO","2015-04-22",0.1450
"PPL.TO","2015-05-21",0.1530
"PPL.TO","2015-06-23",0.1530
"PPL.TO","2015-07-22",0.1530
"PPL.TO","2015-08-21",0.1530
"PPL.TO","2015-09-23",0.1530
"PPL.TO","2015-10-21",0.1530
"PPL.TO","2015-11-23",0.1530
"PPL.TO","2015-12-29",0.1530
"PPL.TO","2016-01-21",0.1530
"PPL.TO","2016-02-23",0.1530
"PPL.TO","2016-03-22",0.1530
"PPL.TO","2016-04-21",0.1600
"PPL.TO","2016-05-20",0.1600
"PPL.TO","2016-06-22",0.1600
"PPL.TO","2016-07-21",0.1600
"PPL.TO","2016-08-23",0.1600
"PPL.TO","2016-09-21",0.1600
"PPL.TO","2016-10-21",0.1600
"PPL.TO","2016-11-23",0.1600
"PPL.TO","2016-12-28",0.1600
"PPL.TO","2017-01-23",0.1600
"PPL.TO","2017-02-22",0.1600
"PPL.TO","2017-03-22",0.1600
"PPL.TO","2017-04-21",0.1700
"PPL.TO","2017-05-23",0.1700
"PPL.TO","2017-06-21",0.1700
"PPL.TO","2017-07-21",0.1700
"PPL.TO","2017-08-23",0.1700
"PPL.TO","2017-09-22",0.1700
"PPL.TO","2017-10-24",0.1800
"PPL.TO","2017-11-23",0.1800
"PPL.TO","2017-12-28",0.1800
"PPL.TO","2018-01-24",0.1800
"PPL.TO","2018-02-22",0.1800
"PPL.TO","2018-03-22",0.1800
"PPL.TO","2018-04-24",0.1800
"PPL.TO","2018-05-24",0.1900
"PPL.TO","2018-06-22",0.1900
"PPL.TO","2018-07-24",0.1900
"PPL.TO","2018-08-23",0.1900
"PPL.TO","2018-09-24",0.1900
"PPL.TO","2018-10-24",0.1900
"PPL.TO","2018-11-22",0.1900
"PPL.TO","2018-12-28",0.1900
"PPL.TO","2019-01-24",0.1900
"PPL.TO","2019-02-22",0.1900
"PPL.TO","2019-03-22",0.1900
"PPL.TO","2019-04-24",0.1900
"PPL.TO","2019-05-23",0.2000
"PPL.TO","2019-06-24",0.2000
"PPL.TO","2019-07-24",0.2000
"PPL.TO","2019-08-22",0.2000
"PPL.TO","2019-09-24",0.2000
"PPL.TO","2019-10-24",0.2000
"PPL.TO","2019-11-22",0.2000
"PPL.TO","2019-12-30",0.2000
"PPL.TO","2020-01-23",0.2100
"PPL.TO","2020-02-24",0.2100
"PPL.TO","2020-03-24",0.2100
"PPL.TO","2020-04-23",0.2100
"PPL.TO","2020-05-22",0.2100
"PPL.TO","2020-06-24",0.2100
"PPL.TO","2020-07-23",0.2100
"PPL.TO","2020-08-24",0.2100
"PPL.TO","2020-09-24",0.2100
"PPL.TO","2020-10-22",0.2100
"PPL.TO","2020-11-24",0.2100
"PPL.TO","2020-12-30",0.2100
"PPL.TO","2021-01-22",0.2100
"PPL.TO","2021-02-24",0.2100
"PPL.TO","2021-03-24",0.2100
"PPL.TO","2021-04-22",0.2100
"PPL.TO","2021-05-21",0.2100
"PPL.TO","2021-06-24",0.2100
"PPL.TO","2021-07-22",0.2100
"PPL.TO","2021-08-24",0.2100
"PPL.TO","2021-09-23",0.2100
"PPL.TO","2021-10-22",0.2100
"PPL.TO","2021-11-23",0.2100
"PPL.TO","2021-12-30",0.2100
"PPL.TO","2022-01-24",0.2100
"PPL.TO","2022-02-24",0.2100
"PPL.TO","2022-03-24",0.2100
"PPL.TO","2022-04-22",0.2100
"PPL.TO","2022-05-24",0.2100
"PPL.TO","2022-06-23",0.2100
"PPL.TO","2022-07-22",0.2100
"PPL.TO","2022-08-24",0.2100
"PPL.TO","2022-09-22",0.2180
"PPL.TO","2022-10-24",0.2180
"PPL.TO","2022-11-24",0.2180
"PPL.TO","2022-12-14",0.2180
"PPL.TO","2023-03-14",0.6530
"PPL.TO","2023-06-14",0.6680
"PPL.TO","2023-09-14",0.6680
"PPL.TO","2023-12-14",0.6680
"PPL.TO","2024-03-14",0.6680
"PPL.TO","2024-06-17",0.6900
"PPL.TO","2024-09-16",0.6900
"PPL.TO","2024-12-16",0.6900
"PPL.TO","2025-03-17",0.6900
"PPL.TO","2025-06-16",0.7100
"PPL.TO","2025-09-15",0.7100
"PPL.TO","2025-12-15",0.7100
"PPL.TO","2026-03-16",0.7100
"SLF.TO","2000-11-08",0.1200
"SLF.TO","2001-02-22",0.1200
"SLF.TO","2001-05-23",0.1200
"SLF.TO","2001-08-23",0.1200
"SLF.TO","2001-11-08",0.1200
"SLF.TO","2001-11-15",0.1200
"SLF.TO","2002-02-22",0.1400
"SLF.TO","2002-05-08",0.1400
"SLF.TO","2002-08-23",0.1400
"SLF.TO","2002-11-15",0.1400
"SLF.TO","2003-02-24",0.1700
"SLF.TO","2003-05-26",0.1700
"SLF.TO","2003-08-25",0.1700
"SLF.TO","2003-11-17",0.1700
"SLF.TO","2004-02-23",0.2100
"SLF.TO","2004-05-21",0.2100
"SLF.TO","2004-08-23",0.2200
"SLF.TO","2004-11-22",0.2200
"SLF.TO","2005-02-21",0.2400
"SLF.TO","2005-05-20",0.2400
"SLF.TO","2005-08-22",0.2550
"SLF.TO","2005-11-21",0.2550
"SLF.TO","2006-02-20",0.2750
"SLF.TO","2006-05-19",0.2750
"SLF.TO","2006-08-21",0.3000
"SLF.TO","2006-11-20",0.3000
"SLF.TO","2007-02-19",0.3200
"SLF.TO","2007-05-18",0.3200
"SLF.TO","2007-08-20",0.3400
"SLF.TO","2007-11-19",0.3400
"SLF.TO","2008-02-25",0.3600
"SLF.TO","2008-05-16",0.3600
"SLF.TO","2008-08-18",0.3600
"SLF.TO","2008-11-17",0.3600
"SLF.TO","2009-02-23",0.3600
"SLF.TO","2009-05-25",0.3600
"SLF.TO","2009-08-24",0.3600
"SLF.TO","2009-11-23",0.3600
"SLF.TO","2010-02-22",0.3600
"SLF.TO","2010-05-21",0.3600
"SLF.TO","2010-08-23",0.3600
"SLF.TO","2010-11-22",0.3600
"SLF.TO","2011-02-28",0.3600
"SLF.TO","2011-05-20",0.3600
"SLF.TO","2011-08-22",0.3600
"SLF.TO","2011-11-21",0.3600
"SLF.TO","2012-03-05",0.3600
"SLF.TO","2012-05-28",0.3600
"SLF.TO","2012-08-27",0.3600
"SLF.TO","2012-11-26",0.3600
"SLF.TO","2013-02-25",0.3600
"SLF.TO","2013-05-27",0.3600
"SLF.TO","2013-08-26",0.3600
"SLF.TO","2013-11-25",0.3600
"SLF.TO","2014-02-26",0.3600
"SLF.TO","2014-08-25",0.3600
"SLF.TO","2014-11-24",0.3600
"SLF.TO","2015-02-23",0.3600
"SLF.TO","2015-05-25",0.3800
"SLF.TO","2015-08-24",0.3800
"SLF.TO","2015-11-23",0.3900
"SLF.TO","2016-02-29",0.3900
"SLF.TO","2016-05-30",0.4050
"SLF.TO","2016-08-29",0.4050
"SLF.TO","2016-11-28",0.4200
"SLF.TO","2017-03-01",0.4200
"SLF.TO","2017-05-29",0.4350
"SLF.TO","2017-08-28",0.4350
"SLF.TO","2017-11-28",0.4550
"SLF.TO","2018-02-28",0.4550
"SLF.TO","2018-05-29",0.4750
"SLF.TO","2018-08-28",0.4750
"SLF.TO","2018-11-27",0.5000
"SLF.TO","2019-02-28",0.5000
"SLF.TO","2019-05-28",0.5250
"SLF.TO","2019-08-27",0.5250
"SLF.TO","2019-11-26",0.5500
"SLF.TO","2020-02-28",0.5500
"SLF.TO","2020-05-26",0.5500
"SLF.TO","2020-08-25",0.5500
"SLF.TO","2020-11-24",0.5500
"SLF.TO","2021-02-26",0.5500
"SLF.TO","2021-05-25",0.5500
"SLF.TO","2021-08-24",0.5500
"SLF.TO","2021-11-23",0.6600
"SLF.TO","2022-03-01",0.6600
"SLF.TO","2022-05-31",0.6900
"SLF.TO","2022-08-23",0.6900
"SLF.TO","2022-11-22",0.7200
"SLF.TO","2023-02-28",0.7200
"SLF.TO","2023-05-30",0.7500
"SLF.TO","2023-08-29",0.7500
"SLF.TO","2023-11-28",0.7800
"SLF.TO","2024-02-27",0.7800
"SLF.TO","2024-05-29",0.8100
"SLF.TO","2024-08-28",0.8100
"SLF.TO","2024-11-27",0.8400
"SLF.TO","2025-02-26",0.8400
"SLF.TO","2025-05-28",0.8800
"SLF.TO","2025-08-27",0.8800
"SLF.TO","2025-11-26",0.9200
"SLF.TO","2026-02-25",0.9200
"SOBO.TO","2024-12-31",0.7180
"SOBO.TO","2025-03-31",0.7160
"SOBO.TO","2025-06-30",0.6840
"SOBO.TO","2025-09-29",0.6970
"SOBO.TO","2025-12-31",0.6850
"SOBO.TO","2026-03-31",0.6960
"T.TO","1995-03-06",0.0775
"T.TO","1995-06-06",0.0800
"T.TO","1995-09-06",0.0800
"T.TO","1995-12-07",0.0800
"T.TO","1996-03-07",0.0800
"T.TO","1996-06-06",0.0825
"T.TO","1996-09-06",0.0825
"T.TO","1996-12-09",0.0825
"T.TO","1997-03-07",0.0825
"T.TO","1997-06-06",0.0850
"T.TO","1997-09-08",0.0850
"T.TO","1997-12-09",0.0850
"T.TO","1998-03-09",0.0850
"T.TO","1998-06-08",0.0875
"T.TO","1998-09-08",0.0875
"T.TO","1998-12-09",0.0875
"T.TO","1999-03-09",0.0875
"T.TO","1999-06-08",0.0875
"T.TO","1999-09-08",0.0875
"T.TO","1999-12-08",0.0875
"T.TO","2000-06-07",0.0875
"T.TO","2000-09-06",0.0875
"T.TO","2000-12-07",0.0875
"T.TO","2001-03-07",0.0875
"T.TO","2001-06-06",0.0875
"T.TO","2001-09-06",0.0875
"T.TO","2001-12-07",0.0375
"T.TO","2002-03-07",0.0375
"T.TO","2002-06-06",0.0375
"T.TO","2002-09-06",0.0375
"T.TO","2002-12-09",0.0375
"T.TO","2003-03-07",0.0375
"T.TO","2003-06-06",0.0375
"T.TO","2003-09-08",0.0375
"T.TO","2003-12-09",0.0375
"T.TO","2004-03-09",0.0375
"T.TO","2004-06-08",0.0375
"T.TO","2004-09-08",0.0375
"T.TO","2004-12-08",0.0500
"T.TO","2005-03-09",0.0500
"T.TO","2005-06-08",0.0500
"T.TO","2005-09-07",0.0500
"T.TO","2005-12-07",0.0688
"T.TO","2006-03-08",0.0688
"T.TO","2006-06-07",0.0688
"T.TO","2006-09-06",0.0688
"T.TO","2006-12-07",0.0938
"T.TO","2007-03-07",0.0938
"T.TO","2007-06-06",0.0938
"T.TO","2007-09-06",0.0938
"T.TO","2007-12-07",0.1125
"T.TO","2008-03-07",0.1125
"T.TO","2008-06-06",0.1125
"T.TO","2008-09-08",0.1125
"T.TO","2008-12-09",0.1187
"T.TO","2009-03-09",0.1187
"T.TO","2009-06-08",0.1187
"T.TO","2009-09-08",0.1187
"T.TO","2009-12-09",0.1187
"T.TO","2010-03-09",0.1187
"T.TO","2010-06-08",0.1250
"T.TO","2010-09-08",0.1250
"T.TO","2010-12-08",0.1313
"T.TO","2011-03-09",0.1313
"T.TO","2011-06-08",0.1375
"T.TO","2011-09-07",0.1375
"T.TO","2011-12-07",0.1450
"T.TO","2012-03-07",0.1450
"T.TO","2012-06-06",0.1525
"T.TO","2012-09-06",0.1525
"T.TO","2012-12-07",0.1600
"T.TO","2013-03-07",0.1600
"T.TO","2013-06-06",0.1700
"T.TO","2013-09-06",0.1700
"T.TO","2013-12-09",0.1800
"T.TO","2014-03-07",0.1800
"T.TO","2014-06-06",0.1900
"T.TO","2014-09-08",0.1900
"T.TO","2014-12-09",0.2000
"T.TO","2015-03-09",0.2000
"T.TO","2015-06-08",0.2100
"T.TO","2015-09-08",0.2100
"T.TO","2015-12-09",0.2200
"T.TO","2016-03-09",0.2200
"T.TO","2016-06-08",0.2300
"T.TO","2016-09-07",0.2300
"T.TO","2016-12-07",0.2400
"T.TO","2017-03-08",0.2400
"T.TO","2017-06-07",0.2465
"T.TO","2017-09-07",0.2465
"T.TO","2017-12-08",0.2525
"T.TO","2018-03-08",0.2525
"T.TO","2018-06-07",0.2625
"T.TO","2018-09-07",0.2625
"T.TO","2018-12-10",0.2725
"T.TO","2019-03-08",0.2725
"T.TO","2019-06-07",0.2815
"T.TO","2019-09-09",0.2815
"T.TO","2019-12-10",0.2915
"T.TO","2020-03-10",0.2915
"T.TO","2020-06-09",0.2910
"T.TO","2020-09-09",0.2910
"T.TO","2020-12-10",0.3110
"T.TO","2021-03-10",0.3110
"T.TO","2021-06-09",0.3160
"T.TO","2021-09-09",0.3160
"T.TO","2021-12-09",0.3270
"T.TO","2022-03-10",0.3270
"T.TO","2022-06-09",0.3390
"T.TO","2022-09-08",0.3390
"T.TO","2022-12-08",0.3510
"T.TO","2023-03-09",0.3510
"T.TO","2023-06-08",0.3640
"T.TO","2023-09-07",0.3640
"T.TO","2023-12-08",0.3760
"T.TO","2024-03-08",0.3760
"T.TO","2024-06-10",0.3890
"T.TO","2024-09-10",0.3890
"T.TO","2024-12-11",0.4020
"T.TO","2025-03-11",0.4020
"T.TO","2025-06-10",0.4160
"T.TO","2025-09-10",0.4160
"T.TO","2025-12-11",0.4180
"T.TO","2026-03-11",0.4180
"TD.TO","1995-03-10",0.0550
"TD.TO","1995-06-13",0.0550
"TD.TO","1995-09-12",0.0550
"TD.TO","1995-12-12",0.0625
"TD.TO","1996-03-12",0.0625
"TD.TO","1996-06-18",0.0625
"TD.TO","1996-10-10",0.0625
"TD.TO","1996-12-17",0.0700
"TD.TO","1997-03-18",0.0700
"TD.TO","1997-06-17",0.0700
"TD.TO","1997-09-16",0.0700
"TD.TO","1997-12-16",0.0800
"TD.TO","1998-03-17",0.0800
"TD.TO","1998-06-16",0.0850
"TD.TO","1998-09-15",0.0850
"TD.TO","1998-12-15",0.0850
"TD.TO","1999-03-16",0.0850
"TD.TO","1999-09-14",0.0950
"TD.TO","1999-12-14",0.1050
"TD.TO","2000-03-14",0.1050
"TD.TO","2000-06-13",0.1250
"TD.TO","2000-09-12",0.1250
"TD.TO","2000-12-12",0.1250
"TD.TO","2001-03-13",0.1400
"TD.TO","2001-06-12",0.1400
"TD.TO","2001-09-18",0.1400
"TD.TO","2001-12-18",0.1400
"TD.TO","2002-03-12",0.1400
"TD.TO","2002-06-18",0.1400
"TD.TO","2002-09-17",0.1400
"TD.TO","2002-12-18",0.1400
"TD.TO","2003-03-18",0.1400
"TD.TO","2003-06-17",0.1400
"TD.TO","2003-09-16",0.1600
"TD.TO","2003-12-16",0.1600
"TD.TO","2004-03-16",0.1700
"TD.TO","2004-06-15",0.1700
"TD.TO","2004-09-14",0.1800
"TD.TO","2004-12-14",0.1800
"TD.TO","2005-03-15",0.2000
"TD.TO","2005-06-14",0.2000
"TD.TO","2005-09-13",0.2100
"TD.TO","2005-12-13",0.2100
"TD.TO","2006-03-14",0.2200
"TD.TO","2006-06-13",0.2200
"TD.TO","2006-09-12",0.2400
"TD.TO","2007-01-02",0.2400
"TD.TO","2007-04-02",0.2650
"TD.TO","2007-07-03",0.2650
"TD.TO","2007-10-01",0.2850
"TD.TO","2008-01-02",0.2850
"TD.TO","2008-04-01",0.2950
"TD.TO","2008-07-07",0.2950
"TD.TO","2008-10-01",0.3050
"TD.TO","2009-01-02",0.3050
"TD.TO","2009-04-01",0.3050
"TD.TO","2009-07-02",0.3050
"TD.TO","2009-10-01",0.3050
"TD.TO","2010-01-04",0.3050
"TD.TO","2010-04-01",0.3050
"TD.TO","2010-07-02",0.3050
"TD.TO","2010-10-01",0.3050
"TD.TO","2011-01-04",0.3050
"TD.TO","2011-04-01",0.3300
"TD.TO","2011-07-04",0.3300
"TD.TO","2011-10-03",0.3400
"TD.TO","2012-01-03",0.3400
"TD.TO","2012-04-02",0.3600
"TD.TO","2012-07-03",0.3600
"TD.TO","2012-10-01",0.3850
"TD.TO","2013-01-02",0.3850
"TD.TO","2013-04-01",0.4050
"TD.TO","2013-07-05",0.4050
"TD.TO","2013-10-01",0.4250
"TD.TO","2014-01-02",0.4300
"TD.TO","2014-04-01",0.4700
"TD.TO","2014-07-07",0.4700
"TD.TO","2014-10-01",0.4700
"TD.TO","2015-01-02",0.4700
"TD.TO","2015-04-02",0.5100
"TD.TO","2015-07-07",0.5100
"TD.TO","2015-10-02",0.5100
"TD.TO","2016-01-06",0.5100
"TD.TO","2016-04-06",0.5500
"TD.TO","2016-07-06",0.5500
"TD.TO","2016-10-05",0.5500
"TD.TO","2017-01-06",0.5500
"TD.TO","2017-04-06",0.6000
"TD.TO","2017-07-06",0.6000
"TD.TO","2017-10-05",0.6000
"TD.TO","2018-01-09",0.6000
"TD.TO","2018-04-09",0.6700
"TD.TO","2018-07-09",0.6700
"TD.TO","2018-10-09",0.6700
"TD.TO","2019-01-09",0.6700
"TD.TO","2019-04-09",0.7400
"TD.TO","2019-07-09",0.7400
"TD.TO","2019-10-09",0.7400
"TD.TO","2020-01-09",0.7400
"TD.TO","2020-04-08",0.7900
"TD.TO","2020-07-09",0.7900
"TD.TO","2020-10-08",0.7900
"TD.TO","2021-01-07",0.7900
"TD.TO","2021-04-08",0.7900
"TD.TO","2021-07-08",0.7900
"TD.TO","2021-10-07",0.7900
"TD.TO","2022-01-07",0.8900
"TD.TO","2022-04-07",0.8900
"TD.TO","2022-07-07",0.8900
"TD.TO","2022-10-06",0.8900
"TD.TO","2023-01-05",0.9600
"TD.TO","2023-04-05",0.9600
"TD.TO","2023-07-07",0.9600
"TD.TO","2023-10-05",0.9600
"TD.TO","2024-01-09",1.0200
"TD.TO","2024-04-08",1.0200
"TD.TO","2024-07-10",1.0200
"TD.TO","2024-10-10",1.0200
"TD.TO","2025-01-10",1.0500
"TD.TO","2025-04-10",1.0500
"TD.TO","2025-07-10",1.0500
"TD.TO","2025-10-10",1.0500
"TD.TO","2026-01-09",1.0800
"TD.TO","2026-04-09",1.0800
"TRP.TO","1995-03-27",0.2279
"TRP.TO","1995-06-28",0.2279
"TRP.TO","1995-09-27",0.2279
"TRP.TO","1995-12-27",0.2461
"TRP.TO","1996-03-27",0.0620
"TRP.TO","1996-06-26",0.2461
"TRP.TO","1996-09-26",0.2461
"TRP.TO","1996-12-27",0.2644
"TRP.TO","1997-03-26",0.2644
"TRP.TO","1997-06-26",0.2644
"TRP.TO","1997-09-26",0.2644
"TRP.TO","1997-12-29",0.2826
"TRP.TO","1998-03-27",0.2826
"TRP.TO","1998-06-25",0.2826
"TRP.TO","1998-09-28",0.2552
"TRP.TO","1998-12-29",0.2552
"TRP.TO","1999-03-29",0.2552
"TRP.TO","1999-06-28",0.2552
"TRP.TO","1999-09-28",0.2552
"TRP.TO","1999-12-24",0.2552
"TRP.TO","2000-03-29",0.1823
"TRP.TO","2000-06-28",0.1823
"TRP.TO","2000-09-27",0.1823
"TRP.TO","2000-12-27",0.1823
"TRP.TO","2001-03-28",0.2051
"TRP.TO","2001-06-27",0.2051
"TRP.TO","2001-09-26",0.2051
"TRP.TO","2001-12-27",0.2051
"TRP.TO","2002-03-26",0.2279
"TRP.TO","2002-06-26",0.2279
"TRP.TO","2002-09-26",0.2279
"TRP.TO","2002-12-27",0.2279
"TRP.TO","2003-03-27",0.2461
"TRP.TO","2003-06-26",0.2461
"TRP.TO","2003-09-26",0.2461
"TRP.TO","2003-12-29",0.2461
"TRP.TO","2004-03-29",0.2644
"TRP.TO","2004-06-28",0.2644
"TRP.TO","2004-09-28",0.2644
"TRP.TO","2004-12-29",0.2644
"TRP.TO","2005-03-29",0.2780
"TRP.TO","2005-06-28",0.2780
"TRP.TO","2005-09-28",0.2780
"TRP.TO","2005-12-28",0.2780
"TRP.TO","2006-03-29",0.2917
"TRP.TO","2006-06-28",0.2917
"TRP.TO","2006-09-27",0.2917
"TRP.TO","2006-12-27",0.2917
"TRP.TO","2007-03-28",0.3099
"TRP.TO","2007-06-27",0.3099
"TRP.TO","2007-09-26",0.3099
"TRP.TO","2007-12-27",0.3099
"TRP.TO","2008-03-27",0.3282
"TRP.TO","2008-06-26",0.3282
"TRP.TO","2008-09-26",0.3282
"TRP.TO","2008-12-29",0.3282
"TRP.TO","2009-03-27",0.3464
"TRP.TO","2009-06-26",0.3464
"TRP.TO","2009-09-28",0.3464
"TRP.TO","2009-12-29",0.3464
"TRP.TO","2010-03-29",0.3646
"TRP.TO","2010-06-28",0.3646
"TRP.TO","2010-09-28",0.3646
"TRP.TO","2010-12-29",0.3646
"TRP.TO","2011-03-29",0.3829
"TRP.TO","2011-06-28",0.3829
"TRP.TO","2011-09-28",0.3829
"TRP.TO","2011-12-28",0.3829
"TRP.TO","2012-03-28",0.4011
"TRP.TO","2012-06-27",0.4011
"TRP.TO","2012-09-26",0.4011
"TRP.TO","2012-12-27",0.4011
"TRP.TO","2013-03-26",0.4193
"TRP.TO","2013-06-26",0.4193
"TRP.TO","2013-09-26",0.4193
"TRP.TO","2013-12-27",0.4193
"TRP.TO","2014-03-27",0.4376
"TRP.TO","2014-06-26",0.4376
"TRP.TO","2014-09-26",0.4376
"TRP.TO","2014-12-29",0.4376
"TRP.TO","2015-03-27",0.4740
"TRP.TO","2015-06-26",0.4740
"TRP.TO","2015-09-28",0.4740
"TRP.TO","2015-12-29",0.4740
"TRP.TO","2016-03-29",0.5150
"TRP.TO","2016-06-28",0.5150
"TRP.TO","2016-09-28",0.5150
"TRP.TO","2016-12-28",0.5150
"TRP.TO","2017-03-29",0.5697
"TRP.TO","2017-06-28",0.5697
"TRP.TO","2017-09-28",0.5697
"TRP.TO","2017-12-28",0.5697
"TRP.TO","2018-03-28",0.6290
"TRP.TO","2018-06-28",0.6290
"TRP.TO","2018-09-27",0.6290
"TRP.TO","2018-12-28",0.6290
"TRP.TO","2019-03-28",0.6837
"TRP.TO","2019-06-27",0.6837
"TRP.TO","2019-09-27",0.6837
"TRP.TO","2019-12-30",0.6837
"TRP.TO","2020-03-30",0.7384
"TRP.TO","2020-06-29",0.7384
"TRP.TO","2020-09-29",0.7384
"TRP.TO","2020-12-30",0.7384
"TRP.TO","2021-03-30",0.7931
"TRP.TO","2021-06-29",0.7931
"TRP.TO","2021-09-28",0.7931
"TRP.TO","2021-12-30",0.7931
"TRP.TO","2022-03-30",0.8204
"TRP.TO","2022-06-29",0.8204
"TRP.TO","2022-09-28",0.8204
"TRP.TO","2022-12-29",0.8204
"TRP.TO","2023-03-30",0.8478
"TRP.TO","2023-06-29",0.8478
"TRP.TO","2023-09-28",0.8478
"TRP.TO","2023-12-28",0.8478
"TRP.TO","2024-03-27",0.8751
"TRP.TO","2024-06-28",0.8751
"TRP.TO","2024-09-27",0.8751
"TRP.TO","2024-12-31",0.8230
"TRP.TO","2025-03-31",0.8500
"TRP.TO","2025-06-30",0.8500
"TRP.TO","2025-09-29",0.8500
"TRP.TO","2025-12-31",0.8500
"TRP.TO","2026-03-31",0.8780
"WTE.TO","2003-12-29",0.2030
"WTE.TO","2004-03-29",0.1330
"WTE.TO","2004-06-28",0.1400
"WTE.TO","2004-09-28",0.1400
"WTE.TO","2004-12-29",0.2400
"WTE.TO","2005-03-29",0.2000
"WTE.TO","2005-06-28",0.2000
"WTE.TO","2005-09-28",0.3800
"WTE.TO","2005-12-28",0.3850
"WTE.TO","2006-03-29",0.2900
"WTE.TO","2006-06-28",0.2700
"WTE.TO","2006-09-27",0.3100
"WTE.TO","2006-12-27",0.3350
"WTE.TO","2007-03-28",0.2600
"WTE.TO","2007-06-27",0.2500
"WTE.TO","2007-09-26",0.2900
"WTE.TO","2007-12-27",0.3600
"WTE.TO","2008-03-27",0.2800
"WTE.TO","2008-06-26",0.4700
"WTE.TO","2008-09-26",0.5200
"WTE.TO","2008-12-29",0.5300
"WTE.TO","2009-03-27",0.2400
"WTE.TO","2009-06-26",0.2800
"WTE.TO","2009-09-28",0.3200
"WTE.TO","2010-03-29",0.4200
"WTE.TO","2010-06-28",0.4100
"WTE.TO","2010-09-28",0.4600
"WTE.TO","2010-12-29",0.4850
"WTE.TO","2011-03-29",0.2710
"WTE.TO","2011-06-28",0.2410
"WTE.TO","2011-09-28",0.2910
"WTE.TO","2011-12-28",0.2610
"WTE.TO","2012-03-28",0.3010
"WTE.TO","2012-06-27",0.3210
"WTE.TO","2012-09-26",0.3300
"WTE.TO","2012-12-27",0.2750
"WTE.TO","2013-03-26",0.3300
"WTE.TO","2013-06-26",0.3300
"WTE.TO","2013-09-26",0.3300
"WTE.TO","2013-12-24",0.3300
"WTE.TO","2014-03-27",0.3300
"WTE.TO","2014-06-26",0.3300
"WTE.TO","2014-09-26",0.3300
"WTE.TO","2014-12-24",0.3300
"WTE.TO","2015-03-27",0.3300
"WTE.TO","2015-06-26",0.3300
"WTE.TO","2015-09-28",0.3300
"WTE.TO","2015-12-29",0.1600
"WTE.TO","2016-03-29",0.1600
"WTE.TO","2016-06-28",0.1600
"WTE.TO","2016-09-28",0.1600
"WTE.TO","2016-12-28",0.1600
"WTE.TO","2017-03-29",0.1600
"WTE.TO","2017-06-28",0.1600
"WTE.TO","2017-09-28",0.1600
"WTE.TO","2017-12-28",0.1600
"WTE.TO","2018-03-28",0.1600
"WTE.TO","2018-06-28",0.1600
"WTE.TO","2018-09-27",0.1600
"WTE.TO","2018-12-28",0.1600
"WTE.TO","2019-03-28",0.1600
"WTE.TO","2019-06-27",0.1600
"WTE.TO","2019-09-27",0.1600
"WTE.TO","2019-12-30",0.1600
"WTE.TO","2020-03-30",0.1600
"WTE.TO","2020-06-29",0.1600
"WTE.TO","2020-09-29",0.1600
"WTE.TO","2020-12-30",0.1600
"WTE.TO","2021-03-30",0.7000
"WTE.TO","2021-06-29",0.2000
"WTE.TO","2021-09-28",0.2500
"WTE.TO","2021-12-30",0.2500
"WTE.TO","2022-03-30",1.8000
"WTE.TO","2022-06-29",0.3000
"WTE.TO","2022-09-28",0.3000
"WTE.TO","2022-12-29",0.3000
"WTE.TO","2023-03-30",0.3500
"WTE.TO","2023-06-29",0.3500
"WTE.TO","2023-09-28",0.3500
"WTE.TO","2023-12-28",0.3500
"WTE.TO","2024-03-27",0.7250
"WTE.TO","2024-06-28",0.3750
"WTE.TO","2024-09-27",0.3750
"WTE.TO","2024-12-31",0.3750
"WTE.TO","2025-03-31",0.3750
"WTE.TO","2025-06-30",0.3750
"WTE.TO","2025-09-29",0.3750
"WTE.TO","2025-12-31",0.3750
"WTE.TO","2026-03-31",0.3750
